"Campaign Status",Channel,"Campaign ID","Campaign Name","Delivery Status",User,"Media Spend ($)",Impressions,"All Clicks",CTR,"CPC ($)","Installs ","Desktop App Install FB","Channel Installs",CR,"CPI ($)",Payers,"CPA ($)",Transactions,"Revenue ($)",ROAS,"GoAlgo - Campaign","FB Account","Campaign Lifetime Budget ($)"
Active,Facebook,23845170591270608,"CONACQ_2020-07-18 US | Android | VO | Auto | 1D | Auto | 10% Clusters Stack | Video Test #9",0,bidalgo_Social_point,140.4199981689453,8391,12,0.001430103682517,11.701666514079,4,0,9,0.33333333333333,35.104999542236,1,140.41999816895,47,68.93,0.49088449579003,0.00,"DC Consumer Acq Android",0
Paused,Facebook,23845165840360608,"CONACQ_2020-07-17 IN | Android | MAI | Auto | 1D | FB Feed Only | Broadreach | Video Test #9",0,bidalgo_Social_point,157.00999450683594,228749,1196,0.0052284381571067,0.1312792596211,225,0,361,0.188127090301,0.69782219780816,0,0,13,0.02,0.00012738042608574,0.00,"DC Consumer Acq Android",0
Paused,Facebook,23845165835340608,"CONACQ_2020-07-17 IN | Android | MAI | Auto | 1D | FB Feed Only | Broadreach | Video Test #10",0,bidalgo_Social_point,159.13999938964844,192627,1123,0.0058299200008306,0.14170970560076,164,0,247,0.14603739982191,0.97036584993688,0,0,12,0.01,6.2837753162958E-5,0.00,"DC Consumer Acq Android",0
Active,Google,10595931312,WL_Android_MaxConversions_2020-07-17,1,bidalgo_Social_point,464.6199951171875,49098,886,0.018045541569921,0.524401800358,243,0,236,0.27426636568849,1.9120164408115,0,0,576,28.12,0.060522578226336,0.00,"Word Life",0
Active,Google,10594085956,WL_iOS_US_MaxConversions_2020-07-17,1,bidalgo_Social_point,112.2699966430664,9957,180,0.018077734257306,0.62372220357259,44,0,45,0.24444444444444,2.551590832797,0,0,148,8,0.071256793793572,0.00,"Word Life",0
Active,Facebook,23845132955090644,Adquant_WL_iOS_MAI_US_MaxBid_2020-07-17,0,bidalgo_Social_point,51.93000030517578,4207,40,0.0095079629189446,1.2982500076294,15,0,16,0.375,3.4620000203451,0,0,28,1.9400000000000002,0.037357981679169,0.00,"Word Life IOS",0
Paused,Facebook,23845160804580608,"CONACQ_2020-07-16 US | Android | VO | Auto | 1D | All | 10% Clusters | Static Image Test #1",0,bidalgo_Social_point,250.32000732421875,19930,30,0.0015052684395384,8.3440002441406,2,0,6,0.066666666666667,125.16000366211,0,0,0,0,0,0.00,"DC Consumer Acq Android",0
Active,"Additional Channels",38261,"EMEA - Word Life Crossword Puzzle iOS (old)",0,N/A,0,0,0,0,0,82,0,0,0,0,3,0,304,26.919999999999995,0,0.00,"Social point adcolony",0
Active,"Additional Channels",49036,"EMEA - Word Life Crossword Puzzle iOS ",0,N/A,346.6600036621094,35136,27749,0.78975979052823,0.0124927025717,0,0,82,0,0,0,0,0,0,0,0.00,"Social point adcolony",0
Active,"Additional Channels",11969,"Monster Legends Android EMEA",0,N/A,0,5,3,0.6,0,0,0,0,0,0,0,0,0,0,0,0.00,"Social point adcolony",0
Active,"Additional Channels",5015,"Monster Legends iOS",0,N/A,413.6700134277344,47522,35672,0.75064180800471,0.011596490620872,318,0,177,0.0089145548329222,1.3008490988294,6,68.945002237956,20,46.17,0.11161070056161,0.00,"Social point adcolony",0
Active,"Additional Channels",5ece1adb7acee200159296a0,ML_iOS_CA_2020_RON,0,N/A,206.39999389648438,16803,12375,0.7364756293519,0.016678787385574,0,0,113,0,0,0,0,0,0,0,0.00,"Social point vungle",0
Active,"Additional Channels",5ee0dfad20275b001690a520,ML_iOS_UK_2020_RON,0,N/A,310.79998779296875,25165,17781,0.70657659447646,0.017479331184577,244,0,248,0.013722512794556,1.2737704417745,4,77.699996948242,13,18.71,0.06019948756389,0.00,"Social point vungle",0
Active,"Additional Channels",5ef2da1e7c5bc40015f75c6e,ML_iOS_FR_2020_RON,0,N/A,170.3000030517578,35079,22326,0.63644915761567,0.0076278779473151,0,0,142,0,0,0,0,0,0,0,0.00,"Social point vungle",0
Active,"Additional Channels",5e751e2496ffa61c69d7d1a7,ML_iOS_US_2020_WL_High,0,N/A,17,692,376,0.54335260115607,0.045212765957447,0,0,6,0,0,0,0,0,0,0,0.00,"Social point vungle",0
Active,"Additional Channels",5e1f29955119200016ed513d,ML_iOS_US_2020_RON_LOW,0,N/A,2423.949951171875,88048,66402,0.75415682355079,0.036504170825756,0,0,897,0,0,0,0,0,0,0,0.00,"Social point vungle",0
Active,"Additional Channels",5ee2489183ba7500162f1391,ML_iOS_AU_2020_RON,0,N/A,288.20001220703125,24036,17753,0.73860043268431,0.01623387665223,0,0,173,0,0,0,0,0,0,0,0.00,"Social point vungle",0
Active,"Additional Channels",982754da7aeb0adbfe8f9a9237f787aa,ML_iOS_UK_2020_RON,0,N/A,0,0,0,0,0,2,0,0,0,0,0,0,0,0,0,0.00,"Social point vungle",0
Active,"Additional Channels",5ef21b74f4c73c0015e39023,ML_AND_US_2020_RON,0,N/A,141.60000610351562,10468,6182,0.59056171188384,0.022905209657638,101,0,101,0.016337754771918,1.4019802584506,0,0,3,0.04,0.00028248586352997,0.00,"Social point vungle",0
Active,"Additional Channels",5ef2c0a2ba72eb001577c801,ML_iOS_DE_2020_RON,0,N/A,217.25,21588,15292,0.70835649434871,0.014206774784201,106,0,106,0.006931729008632,2.0495283018868,0,0,4,0.06,0.00027617951668585,0.00,"Social point vungle",0
Active,"Additional Channels",5ec547bdc3912a0016e29955,DC_iOS_US_BL,0,N/A,80.80000305175781,4125,2369,0.57430303030303,0.034107219523747,54,0,54,0.022794428028704,1.4962963528103,1,80.800003051758,21,10.18,0.12599009425135,0.00,"Social point vungle",0
Active,"Additional Channels",5e752070c6aa991c4f0d71a1,DC_iOS_US_Banners,0,N/A,0,4482,17,0.0037929495760821,0,0,0,0,0,0,0,0,0,0,0,0.00,"Social point vungle",0
Active,"Additional Channels",5e6aef1d96ffa61c69d7b19d,DC_iOS_UK_Creatives_Test,0,N/A,0,6,2,0.33333333333333,0,0,0,0,0,0,0,0,0,0,0,0.00,"Social point vungle",0
Active,"Additional Channels",5e8f299764c56d0010b59d3f,DC_iOS_US_Playables,0,N/A,0,11,4,0.36363636363636,0,0,0,0,0,0,0,0,0,0,0,0.00,"Social point vungle",0
Active,"Additional Channels",5f0357acd78cfa00173fa2c6,DC_iOS_US_ExplorationTest_WL,0,N/A,502.5,23774,9751,0.41015394969294,0.051533176084504,124,0,124,0.012716644446723,4.0524193548387,3,167.5,77,8.18,0.016278606965174,0.00,"Social point vungle",0
Active,"Additional Channels",5bf68e55a4d4350017ce49cc,DC_iOS_US_RON,0,N/A,473.95001220703125,16432,9819,0.5975535540409,0.048268664039824,225,0,225,0.022914757103575,2.1064444986979,5,94.790002441406,183,166.01,0.35026900669745,0.00,"Social point vungle",0
Active,"Additional Channels",4994ae62a4748075ce844ca0063619e1,ML_iOS_Rewarded_NEW_CreativeTest_3,0,N/A,177,8822,3404,0.38585354794831,0.051997649823737,0,0,59,0,0,0,0,0,0,0,0.00,"Social point applovin",0
Active,"Additional Channels",37182f3f2a8cf57327b4d33ae5351874,ML_iOS_Rewarded_NEW_CreativeTest_V1,0,N/A,357,11399,4908,0.43056408456882,0.072738386308068,0,0,119,0,0,0,0,0,0,0,0.00,"Social point applovin",0
Active,"Additional Channels",9c6732e56a4399014578ecf12fa2310c,ML_iOS_Rewarded_NEW_CreativeTest_V2,0,N/A,129.5,4253,2021,0.47519398071949,0.064077189510143,0,0,41,0,0,0,0,0,0,0,0.00,"Social point applovin",0
Paused,Facebook,23845154346990608,"CONACQ_2020-07-15 WW | Android | VO | 18-65A | 1D | All | 1-10% ML D1 Clusters Stack |",0,bidalgo_Social_point,285.3599853515625,98498,281,0.0028528498040569,1.0155159621052,99,0,116,0.35231316725979,2.8824240944602,4,71.339996337891,69,39.24,0.13751052009502,0.00,"DC Consumer Acq Android",0
Active,Snapchat,82bd0563-d983-424d-b726-f16658032667,Mirigrowth_DragonCity_iOS_US-UK-CA-AU-NZ-IE_VO,0,bidalgo_Social_point,150,61485,440,0.007156216963487,0.34090909090909,12,0,11,0.027272727272727,12.5,0,0,10,0.17,0.0011333333333333,0.00,"Dragon City",0
Active,"Additional Channels",FPZk,"Monster Legends iOS NonRewarded Playable T1 CPM_cloneV3_LAT",0,N/A,250.83200073242188,134613,5731,0.042573897023319,0.0437675799568,1,0,40,0.00017448961786774,250.83200073242,0,0,0,0,0,0.00,"Social point crossinstall",0
Active,"Additional Channels",QPZk,"Monster Legends iOS NonRewarded Playable T1 CPM_cloneV4_LAT",0,N/A,251.03469848632812,135096,5920,0.043820690471961,0.042404509879447,1,0,44,0.00016891891891892,251.03469848633,0,0,0,0,0,0.00,"Social point crossinstall",0
Active,"Additional Channels",wordlife_i_lat_i_ua_usa,wordlife_i_lat_i_ua_usa,0,N/A,249.7628936767578,62747,4431,0.070616921924554,0.056367161741539,0,0,44,0,0,0,0,0,0,0,0.00,"Social point moloco",0
Active,Facebook,23845383292830001,"CONACQ_2020-07-14 WW | iOS | VO | Auto | 1D | 18-65A | 1-10% LAL^2 9.99 + 10% Clusters |",0,bidalgo_Social_point,301.3999938964844,62581,181,0.0028922516418721,1.6651933364447,55,0,66,0.30386740331492,5.479999889027,7,43.057141985212,82,64.04,0.21247512042749,0.00,"DC Consumer Acq iOS",0
Active,Facebook,23845383285090001,"CONACQ_2020-07-14 WW-Mix | iOS | VO | Auto | 1D | 18-65A | 1-10% LAL^2 9.99 + 10% Clusters |",0,bidalgo_Social_point,302.1099853515625,38136,130,0.0034088525277953,2.3239229642428,33,0,46,0.25384615384615,9.1548480409564,2,151.05499267578,20,4.11,0.013604316968263,0.00,"DC Consumer Acq iOS",0
Active,"Additional Channels",BPZk,"Dragon City Rewarded Playable And CPM T2",0,N/A,301.6676940917969,45856,22607,0.49299982554082,0.013343994961375,0,0,282,0,0,0,0,0,0,0,0.00,"Social point crossinstall",0
Active,"Additional Channels",c84d575aac62d61a33872934b1309c83,QMZk_true_playable_COM,0,N/A,0,0,0,0,0,2,0,0,0,0,0,0,0,0,0,0.00,"Social point crossinstall",0
Active,"Additional Channels",95a551010f8940dbc182c158be2c5c86,wordlife_i_lat_i_ua_usa,0,N/A,0,0,0,0,0,44,0,0,0,0,0,0,150,6.61,0,0.00,"Social point moloco",0
Active,"Additional Channels",4999,"Dragon City iOS",0,N/A,4601.43994140625,618602,389245,0.62923333581204,0.011821449065258,91,0,3479,0.00023378591889427,50.565274081387,0,0,9,0.12,2.6078793057837E-5,0.00,"Social point adcolony",0
Active,"Additional Channels",cPZk,"Word Life iOS NonRewarded Playable CPM_LAT",0,N/A,194.35079956054688,42740,4352,0.10182498830136,0.044657812399023,0,0,185,0,0,0,0,0,0,0,0.00,"Social point crossinstall",0
Active,"Additional Channels",HPZk,"Dragon City Rewarded Playable iOS CPM_LAT",0,N/A,299.20941162109375,53498,21216,0.39657557291861,0.014103007712156,38,0,104,0.0017911010558069,7.8739318847656,0,0,0,0,0,0.00,"Social point crossinstall",0
Active,"Additional Channels",6f3acdd5636cd3773f3d71f6651bf00a,US_Playable,0,N/A,0,0,0,0,0,37,0,0,0,0,1,0,14,2.3,0,0.00,"Social point adcolony",0
Active,"Additional Channels",49f669ae1a5194a12a8e1d432f1ce988,US,0,N/A,0,0,0,0,0,11,0,0,0,0,0,0,1,0,0,0.00,"Social point adcolony",0
Active,"Additional Channels",11679,"Dragon City Android EMEA",0,N/A,0,2,0,0,0,0,0,0,0,0,0,0,0,0,0,0.00,"Social point adcolony",0
Active,"Additional Channels",49195,"Dragon City Android",0,N/A,628.72998046875,143415,92718,0.64650141198619,0.0067810994679431,737,0,655,0.0079488340990962,0.8530935962941,4,157.18249511719,110,22.269999999999996,0.035420610901037,0.00,"Social point adcolony",0
Active,Google,10556536200,"AND - US - proxy event - completed action 2 (13/7)",1,bidalgo_Social_point,409.8699951171875,64387,1787,0.027754049730536,0.22936205658488,447,0,381,0.25013989927252,0.91693511211899,6,68.311665852865,296,136.09,0.332032111697,0.00,"Dragon City",0
Active,Google,10554115340,"US-ANDROID-UNIVERSAL-ACTION_ml_cpa_completed_action_4_(proxy test)_2020.07.13",1,bidalgo_Social_point,571,99808,2307,0.023114379608849,0.24750758560902,390,0,483,0.16905071521456,1.4641025641026,0,0,19,1.34,0.0023467600700525,0.00,"Monster Legends",0
Active,Facebook,23845137683790000,Adquant_FBCOUPON_MCI_AEO_ClickD1_Video_Poll-Ads_WW_25-07-11,0,bidalgo_Social_point,213.5800018310547,17087,74,0.0043307777842804,2.8862162409602,17,0,23,0.22972972972973,12.563529519474,0,0,0,0,0,0.00,"SP COUPON RTG",0
Active,Facebook,23845137360490000,Adquant_FBCOUPON_MCA_WW_VO_ClickD1_Playables_No-custom-audience_I&G-Test_2020.07.11,0,bidalgo_Social_point,421.6000061035156,19523,58,0.0029708548891052,7.2689656224744,55,0,65,0.94827586206897,7.6654546564276,2,210.80000305176,2,16.98,0.040275141731926,0.00,"SP COUPON RTG",0
Active,Facebook,23845123645060000,"Adquant_FBCOUPON_MCA_WW_AEO_ClickD1_LAL 2K audience campaigns_WW_I&GTest_2020.07.10",0,bidalgo_Social_point,318.70001220703125,31732,198,0.0062397579730241,1.6095960212476,222,0,282,1.1212121212121,1.4355856405722,2,159.35000610352,22,13.049999999999999,0.040947598055072,0.00,"SP COUPON RTG",0
Active,Facebook,23845086243630644,Adquant_WL_iOS_AEO-ClickD1_US_FAN-Only_2020-07-09,0,bidalgo_Social_point,429.9100036621094,8085,38,0.004700061842919,11.313421149003,35,0,28,0.92105263157895,12.283142961775,4,107.47750091553,133,32.26,0.075038961003929,0.00,"Word Life IOS",0
Active,Facebook,23845362436370695,Adquant_WL_And_MAI_T1_IG-Only_2020-07-09,0,bidalgo_Social_point,209.83999633789062,21183,149,0.0070339423122315,1.4083221230731,79,0,85,0.53020134228188,2.6562024852898,1,209.83999633789,266,15.89,0.075724362739758,0.00,"Word Life Android",0
Active,"Additional Channels",6646c6af88f7c3b488e8cec87fcb3a24,socialpoint_wordlife_us_ios_mtg_static,0,N/A,0,0,0,0,0,29,0,0,0,0,0,0,56,3.7,0,0.00,"Social point mintegral",0
Active,"Additional Channels",13b23ba49d5d4926d6db2e0ca14e445d,socialpoint_wordlife_us_ios_mtg_video,0,N/A,0,0,0,0,0,275,0,0,0,0,5,0,984,69.6,0,0.00,"Social point mintegral",0
Active,"Additional Channels",21967,sp_monsterlegend_and_us_mtg,0,N/A,34.5,498,149,0.29919678714859,0.23154362416107,127,0,20,0.85234899328859,0.27165354330709,0,0,4,0.09,0.0026086956521739,0.00,"Social point mintegral",0
Active,"Additional Channels",28907,sp_monsterlegend_and_us_mtg_wl2,0,N/A,4.5,3831,2,0.00052205690420256,2.25,40,0,3,20,0.1125,1,4.5,1,4.99,1.1088888888889,0.00,"Social point mintegral",0
Active,"Additional Channels",21965,sp_monsterlegend_ios_us_mtg,0,N/A,22.5,26605,11883,0.44664536741214,0.0018934612471598,228,0,11,0.019187073971219,0.098684210526316,3,7.5,7,63.980000000000004,2.8435555555556,0.00,"Social point mintegral",0
Paused,Facebook,23845109980690608,"CONACQ_2020-07-08 US | Android | VO | 18-65A | 1D | Mix | 1% 9.99 AVG Stack | Video 311182 - Phase 3",0,bidalgo_Social_point,0,0,0,0,0,0,0,0,0,0,0,0,0,0,0,0.00,"DC Consumer Acq Android",0
Paused,Facebook,23845109889810608,"CONACQ_2020-07-08 IN | Android | MAI | Auto | 1D | FB Feed Only | Broadreach | Static Image Test #1",0,bidalgo_Social_point,0,0,0,0,0,0,0,0,0,0,0,0,0,0,0,0.00,"DC Consumer Acq Android",0
Active,Facebook,23845080991760644,Adquant_WL_iOS_MAI_US_Creative-WarmUp_2020-07-08,0,bidalgo_Social_point,203.1300048828125,13963,137,0.0098116450619494,1.482700765568,45,0,55,0.32846715328467,4.5140001085069,1,203.13000488281,115,12.450000000000001,0.061290797522417,0.00,"Word Life IOS",0
Active,"Additional Channels",FMZk,"Monster Legends And Rewarded Playable T1 CPM_cloneV3",0,N/A,285.9053039550781,47016,9684,0.20597243491577,0.02952347211432,59,0,59,0.0060925237505163,4.8458526094081,4,71.47632598877,15,169.88000000000002,0.59418275089675,0.00,"Social point crossinstall",0
Active,"Additional Channels",QMZk,"Monster Legends And Rewarded Playable T1 CPM_cloneV4",0,N/A,285.9823913574219,41519,9694,0.23348346540138,0.029500968780423,85,0,87,0.0087683102950279,3.364498721852,1,285.98239135742,6,2.4,0.0083921250836751,0.00,"Social point crossinstall",0
Paused,Facebook,23845105103410608,"CONACQ_2020-07-07 US | Android | VO | Auto | 1D | FB Feed Only | 10% Clusters Stack | Video Test #8",0,bidalgo_Social_point,0,0,0,0,0,0,0,0,0,0,0,0,0,0,0,0.00,"DC Consumer Acq Android",0
Active,"Additional Channels",social_point_monsterlegends_a_ua_usa,us_android_monsterlegends,0,N/A,508.76080322265625,37242,2268,0.060898985016916,0.22432134180893,141,0,141,0.062169312169312,3.6082326469692,1,508.76080322266,15,3.05,0.0059949586931232,0.00,"Social point moloco",0
Paused,Facebook,23845097580680608,"CONACQ_2020-07-06 IN | Android | MAI | Auto | 1D | FB Feed Only | 5% Pu Stack | Video Test #9",0,bidalgo_Social_point,0,0,0,0,0,0,0,0,0,0,0,0,0,0,0,0.00,"DC Consumer Acq Android",0
Paused,Facebook,23845097546950608,"CONACQ_2020-07-06 IN | Android | MAI | Auto | 1D | FB Feed Only | 5% Pu Stack | Video Test #8",0,bidalgo_Social_point,0,0,0,0,0,0,0,0,0,0,0,0,0,0,0,0.00,"DC Consumer Acq Android",0
Active,Facebook,23845082127570000,Adquant_FBCOUPON_MCI_Tier1_AEO_ClickD1_Playables_2020.07.04,0,bidalgo_Social_point,324.260009765625,8265,21,0.002540834845735,15.440952845982,53,0,77,2.5238095238095,6.1181133918042,4,81.065002441406,5,19.950000000000003,0.061524700546391,0.00,"SP COUPON RTG",0
Active,Facebook,23845081971840000,Adquant_FBCOUPON_MCA_WW_VO_ClickD1_Playables_2020.07.04,0,bidalgo_Social_point,315.0299987792969,10267,44,0.0042855751436642,7.1597726995295,84,0,94,1.9090909090909,3.750357128325,3,105.0099995931,8,19.160000000000004,0.060819604717781,0.00,"SP COUPON RTG",0
Active,Facebook,23845081835060000,Adquant_FBCOUPON_MCA_US/AU/CA/GB_MAI_ClickD1_Videos_Warm-Up_2020.07.04,0,bidalgo_Social_point,28.549999237060547,2090,36,0.017224880382775,0.79305553436279,19,0,21,0.52777777777778,1.5026315387927,1,28.549999237061,1,9.99,0.34991244367643,0.00,"SP COUPON RTG",0
Active,Facebook,23845081682290000,Adquant_FBCOUPON_MCA_US/AU/CA/GB_MAI_ClickD1_Playables_Warm-Up_2020.07.04,0,bidalgo_Social_point,67.76000213623047,4580,9,0.0019650655021834,7.5288891262478,16,0,37,1.7777777777778,4.2350001335144,0,0,5,0.3,0.0044273906514474,0.00,"SP COUPON RTG",0
Paused,Google,10464992845,R1-iOS-UNIVERSAL-Install_Advance_Purchase_Creative_Test_03.07.20,0,bidalgo_Social_point,0,0,0,0,0,0,0,0,0,0,0,0,0,0,0,0.00,"Monster Legends",0
Active,Google,10464255062,T1-iOS-UNIVERSAL-ACTION_PURCHASE_03.07.20,1,bidalgo_Social_point,437.4200134277344,75476,469,0.0062138958079389,0.93266527383312,186,0,210,0.39658848614072,2.3517205022996,5,87.484002685547,16,28.24,0.064560374772759,0.00,"Monster Legends",0
Active,"Additional Channels",_social_point_dragoncity_i_ua_che,_social_point_dragoncity_i_ua_che,0,N/A,300.6585998535156,42084,1764,0.041916167664671,0.17044138313691,52,0,52,0.029478458049887,5.7818961510291,0,0,1,0.05,0.00016630157934734,0.00,"Social point moloco",0
Active,"Additional Channels",_social_point_dragoncity_lat_i_ua_usa,_social_point_dragoncity_lat_i_ua_usa,0,N/A,1000.8651123046875,95010,10806,0.11373539627408,0.09262123933969,187,0,187,0.017305200814362,5.3522198518967,10,100.08651123047,276,289.28,0.2890299566281,0.00,"Social point moloco",0
Active,"Additional Channels",_social_point_dragoncity_a_ua_che,_social_point_dragoncity_a_ua_che,0,N/A,299.6070861816406,50695,2183,0.043061445901963,0.1372455731478,78,0,78,0.035730645900137,3.8411164895082,1,299.60708618164,22,52.160000000000004,0.17409468068581,0.00,"Social point moloco",0
Active,"Additional Channels",social_point_dragoncity_a_ua_gbr,social_point_dragoncity_a_ua_gbr,0,N/A,500.67388916015625,334517,5420,0.016202465046619,0.092375256302612,285,0,285,0.052583025830258,1.7567504882812,10,50.067388916016,115,54.4,0.10865355908864,0.00,"Social point moloco",0
Active,"Additional Channels",social_point_dragoncity_a_ua_deu,social_point_dragoncity_a_ua_deu,0,N/A,789.13671875,189496,7925,0.041821463249884,0.099575611198738,672,0,415,0.084794952681388,1.174310593378,11,71.739701704545,249,74.46999999999998,0.094368945495226,0.00,"Social point moloco",0
Active,"Additional Channels",social_point_dragoncity_a_ua_can,social_point_dragoncity_a_ua_can,0,N/A,700.8433227539062,322632,4541,0.014074859282402,0.15433678105129,162,0,162,0.035674961462233,4.3261933503328,2,350.42166137695,54,15.889999999999999,0.022672685155309,0.00,"Social point moloco",0
Active,"Additional Channels",social_point_dragoncity_a_ua_aus,social_point_dragoncity_a_ua_aus,0,N/A,600.5546264648438,187745,4761,0.025358864417162,0.12614043824088,185,0,185,0.038857382902752,3.2462412241343,6,100.09243774414,47,28.320000000000004,0.047156409678675,0.00,"Social point moloco",0
Active,"Additional Channels",_social_point_dragoncity_a_ua_usa,_social_point_dragoncity_a_ua_usa,0,N/A,2007.653564453125,125283,7563,0.060367328368574,0.26545730060203,594,0,594,0.078540261800873,3.379888155645,15,133.84357096354,257,177.73,0.088526229398752,0.00,"Social point moloco",0
Active,"Additional Channels",_social_point_dragoncity_i_ua_usa,social_point_dragoncity_i_ua_usa,0,N/A,2000.1204833984375,590281,15187,0.025728424258955,0.13169951164802,618,0,618,0.040692697701982,3.236440911648,14,142.86574881417,228,182.70000000000002,0.091344497252271,0.00,"Social point moloco",0
Active,"Additional Channels",social_point_dragoncity_i_ua_aus,social_point_dragoncity_i_ua_aus,0,N/A,1001.5858764648438,232644,8933,0.038397723560461,0.11212200564926,316,0,316,0.035374454270682,3.1695755584331,11,91.053261496804,92,36.74,0.03668182715363,0.00,"Social point moloco",0
Active,"Additional Channels",wordlife_a_ua_usa,wordlife_a_ua_usa,0,N/A,301.6820983886719,27069,862,0.031844545420961,0.34997923246946,49,0,49,0.056844547563805,6.1567775181362,4,75.420524597168,200,36.71,0.12168438298485,0.00,"Social point moloco",0
Active,"Additional Channels",wordlife_i_ua_usa,wordlife_i_ua_usa,0,N/A,685.2496948242188,28172,1190,0.042240522504615,0.57584007968422,68,0,68,0.057142857142857,10.077201394474,8,85.656211853027,285,64,0.093396612188813,0.00,"Social point moloco",0
Paused,Facebook,23845067145870608,"CONACQ_2020-07-01 US | Android | VO | Auto | 1D | FB Feed Only | 5% Pu Stack | Video Test #7",0,bidalgo_Social_point,0,0,0,0,0,0,0,0,0,0,0,0,0,0,0,0.00,"DC Consumer Acq Android",0
Active,"Additional Channels",RQrk,"Word Life AND Rewarded Playable CPM",0,N/A,393.3204040527344,45376,6292,0.13866361071932,0.062511189455298,346,0,345,0.054990464081373,1.1367641735628,3,131.10680135091,1097,81.14,0.20629491672423,0.00,"Social point crossinstall",0
Active,"Additional Channels",YQrk,"Word Life AND NonRewarded Playable CPM",0,N/A,492.5013122558594,68923,3708,0.053799167186571,0.1328212816224,456,0,456,0.12297734627832,1.0800467374032,5,98.500262451172,1366,104.1,0.21136999518474,0.00,"Social point crossinstall",0
Active,"Additional Channels",RRrk,"Word Life iOS NonRewarded Playable CPM",0,N/A,1187.6923828125,79609,8195,0.10294062229145,0.14492890577334,0,0,542,0,0,0,0,0,0,0,0.00,"Social point crossinstall",0
Active,"Additional Channels",YRrk,"Word Life iOS Rewarded Playable CPM",0,N/A,518.970703125,36670,4184,0.11409871829834,0.12403697493427,0,0,157,0,0,0,0,0,0,0,0.00,"Social point crossinstall",0
Active,"Additional Channels",tBrk,"Word Life iOS NonRewarded Video US CPM",0,N/A,296.7882995605469,35465,2069,0.058339207669533,0.14344528736614,0,0,52,0,0,0,0,0,0,0,0.00,"Social point crossinstall",0
Active,"Additional Channels",CFrk,"Word Life iOS Rewarded Video US CPM",0,N/A,297.939208984375,27496,772,0.028076811172534,0.38593161785541,0,0,119,0,0,0,0,0,0,0,0.00,"Social point crossinstall",0
Active,"Additional Channels",kFrk,"Word Life iOS NonRewarded Playable T1 CPM",0,N/A,517.888427734375,146834,5846,0.039813667134315,0.08858850970482,0,0,411,0,0,0,0,0,0,0,0.00,"Social point crossinstall",0
Active,"Additional Channels",tFrk,"Word Life iOS Video Test",0,N/A,199.38259887695312,20055,1398,0.069708302169035,0.14261988474746,0,0,30,0,0,0,0,0,0,0,0.00,"Social point crossinstall",0
Active,"Additional Channels",lqrk,"Word Life iOS NonRewarded Playable Test",0,N/A,341.4490966796875,42117,1635,0.03882042880547,0.20883736799981,0,0,115,0,0,0,0,0,0,0,0.00,"Social point crossinstall",0
Active,"Additional Channels",fZrk,"Dragon City Rewarded Playable Android US CPM",0,N/A,4750.38720703125,360205,156837,0.43541039130495,0.030288689576001,0,0,1446,0,0,0,0,0,0,0,0.00,"Social point crossinstall",0
Active,"Additional Channels",QcZk,"Dragon City Rewarded Playable AND CPM_T1",0,N/A,846.2642211914062,154059,54612,0.35448756645181,0.015495939009584,0,0,393,0,0,0,0,0,0,0,0.00,"Social point crossinstall",0
Active,"Additional Channels",8c3dbab3437490cafb23135549cf4035,DC_iOS_Creative_Test_V2,0,N/A,3,0,1,0,3,0,0,1,0,0,0,0,0,0,0,0.00,"Social point applovin",0
Active,"Additional Channels",e480c36588034be9af6e2aae712c3060,DC_iOS_Rewarded_2020,0,N/A,1356.5999755859375,46733,24591,0.52620204138403,0.055166523345368,0,0,505,0,0,0,0,0,0,0,0.00,"Social point applovin",0
Active,"Additional Channels",XzZk,"Monster Legends iOS Rewarded Playable T1 CPM_cloneV3",0,N/A,344.90771484375,22988,5900,0.25665564642422,0.05845893471928,2,0,47,0.00033898305084746,172.45385742188,0,0,0,0,0,0.00,"Social point crossinstall",0
Active,"Additional Channels",WJZk,"Monster Legends iOS Rewarded Playable T1 CPM_cloneV4",0,N/A,344.8215026855469,23156,6041,0.26088270858525,0.057080202397872,2,0,49,0.00033107101473266,172.41075134277,0,0,0,0,0,0.00,"Social point crossinstall",0
Active,"Additional Channels",Jprk,DragonCity_Playable_iOS_Test,0,N/A,396.0277099609375,11987,7038,0.58713606406941,0.056269921847249,49,0,150,0.0069622051719238,8.0821981624681,1,396.02770996094,11,10.98,0.027725332656856,0.00,"Social point crossinstall",0
Active,"Additional Channels",WZrk,"Dragon City Rewarded Playable iOS CPM",0,N/A,1193.3597412109375,56549,30430,0.53811738492281,0.039216554098289,132,0,404,0.004337824515281,9.0406041000829,3,397.78658040365,21,19.95,0.016717507144791,0.00,"Social point crossinstall",0
Active,"Additional Channels",wdZk,"Dragon City Rewarded Playable iOS CPM_T1",0,N/A,1099.9698486328125,88525,42461,0.47964981643603,0.025905415525607,158,0,556,0.00372106168013,6.9618344850178,2,549.98492431641,14,51.980000000000004,0.047255840752915,0.00,"Social point crossinstall",0
Paused,Facebook,23845061258430608,"CONACQ_2020-06-30 US | Android | VO | 18-65A | 1D | Mix | 1% 9.99 AVG Stack | Phones Only | MixedOS",0,bidalgo_Social_point,0,0,0,0,0,1,0,0,0,0,0,0,0,0,0,0.00,"DC Consumer Acq Android",0
Paused,Facebook,23845061219400608,"CONACQ_2020-06-30 US | Android | VO | 18-65A | 1D | FAN | 1% 9.99 AVG Stack | Tablets Only | MixedOS",0,bidalgo_Social_point,0,0,0,0,0,0,0,0,0,0,0,0,0,0,0,0.00,"DC Consumer Acq Android",0
Paused,Facebook,23845061208710608,"CONACQ_2020-06-30 WW-Mix | Android | VO | 18-65A | 1D | FAN | 1% 9.99 AVG Stack | Tablets Only",0,bidalgo_Social_point,0,0,0,0,0,0,0,0,0,0,0,0,0,0,0,0.00,"DC Consumer Acq Android",0
Paused,Facebook,23845054851510608,"CONACQ_2020-06-29 IN | Android | MAI | Auto | 1D | FB Feed Only | 5% Pu Stack | Video Test #7",0,bidalgo_Social_point,0,0,0,0,0,0,0,0,0,0,0,0,0,0,0,0.00,"DC Consumer Acq Android",0
Paused,Facebook,23845033246730644,Adquant_WL_iOS_MAI_Tier1_Creative-Warm-Up_Playables_2020-06-29,0,bidalgo_Social_point,0,0,0,0,0,0,0,0,0,0,0,0,0,0,0,0.00,"Word Life IOS",0
Active,Facebook,23845276178980695,Adquant_WL_And_AEO_WW_ClickD1_Playables_2020-06-29,0,bidalgo_Social_point,838.6400146484375,18593,82,0.0044102619265315,10.22731725181,191,0,184,2.3292682926829,4.3907854170075,18,46.591111924913,698,155.52,0.18544309511059,0.00,"Word Life Android",0
Active,Facebook,23845276131800695,Adquant_WL_And_US_MAI_Playables_2020-06-29,0,bidalgo_Social_point,1391.760009765625,92824,366,0.0039429457898819,3.8026229775017,757,0,868,2.068306010929,1.8385204884619,5,278.35200195313,2283,148.6,0.10677128165583,0.00,"Word Life Android",0
Paused,Facebook,23845256122900001,"CONACQ_2020-06-28 WW-Mix | iOS | AEO | Auto | 1D | 25F+ | No FB + Msgr | 1% 9.99 Avg Stack |",0,bidalgo_Social_point,0,0,0,0,0,0,0,0,0,0,0,0,0,0,0,0.00,"DC Consumer Acq iOS",0
Active,Facebook,23845018176530644,Adquant_WL_iOS_AEO_WW_ClickD1_Playables_2020-06-26,0,bidalgo_Social_point,909.7100219726562,18021,12,0.00066588979523889,75.809168497721,110,0,116,9.1666666666667,8.2700911088423,7,129.95857456752,432,108.07,0.11879609698666,0.00,"Word Life IOS",0
Paused,Facebook,23845012618290644,Adquant_WL_iOS_MAI_Tier1_Creative-Warm-Up_2020-06-25,0,bidalgo_Social_point,0,0,0,0,0,0,0,0,0,0,0,0,0,0,0,0.00,"Word Life IOS",0
Paused,Facebook,23845032099100608,"CONACQ_2020-06-25 US | Android | VO | Auto | 1D | FB Feed Only | 5% Pu Stack | Video Test #6",0,bidalgo_Social_point,0,0,0,0,0,0,0,0,0,0,0,0,0,0,0,0.00,"DC Consumer Acq Android",0
Active,Google,10393740912,IOS-V3-High-Value-countries-June,1,bidalgo_Social_point,643.1400146484375,511960,3128,0.0061098523322135,0.2056074215628,391,0,413,0.125,1.6448593725024,10,64.314001464844,151,97.57,0.15170880022655,0.00,"Dragon City",0
Paused,Facebook,23845020895170000,"Adquant_FBCOUPON_MCA_MAI_ClickD1_SP POC RS2K US Active Payers + LR_US_Direct_2K_Liveramp_socialpointpocv1csv=1_WW_I&GTest_2020.06.25",0,bidalgo_Social_point,0,0,0,0,0,0,0,0,0,0,0,0,0,0,0,0.00,"SP COUPON RTG",0
Active,Facebook,23845020801360000,"Adquant_FBCOUPON_MCA_AEO_ClickD1_SP POC RS2K US Active Payers + LR_US_Direct_2K_Liveramp_socialpointpocv1csv=1_WW_I&GTest_2020.06.25",0,bidalgo_Social_point,332.3900146484375,7134,27,0.003784693019344,12.310741283275,25,0,26,0.92592592592593,13.295600585937,2,166.19500732422,13,105.89,0.31857154346829,0.00,"SP COUPON RTG",0
Active,Facebook,23845020450280000,"Adquant_FBCOUPON_MCA_VO_ClickD1_SP POC RS2K US Active Payers + LR_US_Direct_2K_Liveramp_socialpointpocv1csv=1_WW_I&GTest_2020.06.25",0,bidalgo_Social_point,423.6300048828125,6108,7,0.0011460379829732,60.518572126116,7,0,13,1,60.518572126116,0,0,0,0,0,0.00,"SP COUPON RTG",0
Active,Facebook,23845012427620644,Adquant_WL_iOS_MAI_US-FAN-Only_2020-06-25,0,bidalgo_Social_point,264.7799987792969,9843,186,0.018896677842121,1.4235483805339,60,1,66,0.32258064516129,4.4129999796549,0,0,168,12.78,0.048266485606613,0.00,"Word Life IOS",0
Active,Snapchat,e5ff4e27-6942-4a05-91fe-1070fabf2e65,Mirigrowth_DragonCity_iOS_UK-CA-AU-NZ-IE_AEO,0,bidalgo_Social_point,120.88999938964844,124087,992,0.0079943910320984,0.12186491873956,16,0,15,0.016129032258065,7.555624961853,0,0,13,0.30000000000000004,0.0024815948508119,0.00,"Dragon City",0
Paused,Facebook,23845026268940608,"CONACQ_2020-06-24 WW-Mix | Android | VO | 18-65A | 1D | FAN | 10% Clusters Stack | Tablets Only",0,bidalgo_Social_point,0,0,0,0,0,0,0,0,0,0,0,0,0,0,0,0.00,"DC Consumer Acq Android",0
Paused,Facebook,23845026253640608,"CONACQ_2020-06-24 WW-Mix | Android | VO | 18-65A | 1D | Custom | 10% Clusters Stack | Phone Only",0,bidalgo_Social_point,0,0,0,0,0,0,0,0,0,0,0,0,0,0,0,0.00,"DC Consumer Acq Android",0
Paused,Facebook,23845025491660608,"CONACQ_2020-06-24 IN | Android | MAI | Auto | 1D | FB Feed Only | 5% Pu Stack | Video Test #6",0,bidalgo_Social_point,0,0,0,0,0,0,0,0,0,0,0,0,0,0,0,0.00,"DC Consumer Acq Android",0
Paused,Facebook,23845025369040608,"CONACQ_2020-06-24 WW | Android | VO | 18-65A | 1D | All Placements | 1% 9.99 Stack | ST Interests",0,bidalgo_Social_point,0,0,0,0,0,0,0,0,0,0,0,0,0,0,0,0.00,"DC Consumer Acq Android",0
Active,Google,10373909254,Adquant_WL_iOS_US_Ins-Adv_2020-06-23,1,bidalgo_Social_point,532.280029296875,28992,308,0.010623620309051,1.7281819133015,112,0,131,0.36363636363636,4.7525002615792,2,266.14001464844,435,33.56,0.063049519337278,0.00,"Word Life",0
Active,Facebook,23845201337360001,"CONACQ_2020-06-24 WW-Mix | iOS | VO | Auto | 1D | 25F+ | No FB + Msgr | 1% 9.99 Avg Stack |",0,bidalgo_Social_point,0,0,0,0,0,0,0,0,0,0,0,0,0,0,0,0.00,"DC Consumer Acq iOS",0
Paused,Facebook,23845001561510000,Adquant_FBCOUPON_DCI_US_STOREMAVEN_TEST#14_screenshots,0,bidalgo_Social_point,0,0,0,0,0,0,0,0,0,0,0,0,0,0,0,0.00,"SP COUPON RTG",0
Active,Google,10372393166,"US-ANDROID-UNIVERSAL-ADVANCED_Level10_In-Game Monetization_29.06.2020",0,bidalgo_Social_point,495.9599914550781,115439,3872,0.033541524094977,0.12808884076836,826,0,937,0.21332644628099,0.60043582500615,0,0,232,9.33,0.018812001291933,0.00,"Monster Legends",0
Paused,Facebook,23844998132530000,"Adquant_FBCOUPON_MCI_VO_ClickD1_SP POC RS2K US Active Payers + LR_US_Direct_2K_Liveramp_socialpointpocv1csv=1_WW_I&GTest_2020.06.22",0,bidalgo_Social_point,0,0,0,0,0,0,0,0,0,0,0,0,0,0,0,0.00,"SP COUPON RTG",0
Paused,Facebook,23844998074200000,"Adquant_FBCOUPON_MCI_AEO_ClickD1_SP POC RS2K US Active Payers + LR_US_Direct_2K_Liveramp_socialpointpocv1csv=1_WW_I&GTest_2020.06.22",0,bidalgo_Social_point,0,0,0,0,0,0,0,0,0,0,0,0,0,0,0,0.00,"SP COUPON RTG",0
Paused,Facebook,23844997818780000,"Adquant_FBCOUPON_MCI_MAI_ClickD1_SP POC RS2K US Active Payers + LR_US_Direct_2K_Liveramp_socialpointpocv1csv=1_WW_I&GTest_2020.06.22",0,bidalgo_Social_point,0,0,0,0,0,0,0,0,0,0,0,0,0,0,0,0.00,"SP COUPON RTG",0
Active,Facebook,23845228788140695,Adquant_WL_And_MAI_US_2020-06-22,0,bidalgo_Social_point,381.0799865722656,24176,399,0.016503970880212,0.95508768564478,195,0,220,0.48872180451128,1.9542563413962,0,0,553,32.64,0.085651309830227,0.00,"Word Life Android",0
Active,"Additional Channels",5a713610c8,Social_Point_MonsterLegends_iOS_USA,0,N/A,0,0,0,0,0,0,0,0,0,0,0,0,0,0,0,0.00,"Social point liftoff",0
Active,"Additional Channels",7543d69fa1,"OLD - Monster Legends - US - iOS",0,N/A,0,0,0,0,0,0,0,0,0,0,0,0,0,0,0,0.00,"Social point liftoff",0
Active,"Additional Channels",6b51a54a074f3e4d9179a916a2b3edf5,RON_ANDROID_UK_001,0,N/A,52.290000915527344,3241,1238,0.38198087010182,0.04223748054566,76,0,76,0.061389337641357,0.68802632783589,1,52.290000915527,252,8.59,0.16427614935171,0.00,"Social point unity",0
Active,"Additional Channels",d766675e2d67db5342bdfabd42b71f62,RON_ANDROID_US_001,0,N/A,77.73999786376953,1898,814,0.42887249736565,0.095503682879324,53,0,53,0.065110565110565,1.466792412524,0,0,103,6.49,0.083483408519936,0.00,"Social point unity",0
Active,"Additional Channels",e2607e4400cfa1d72c2a318483d47cc4,RETENTION_DE_002,0,N/A,699.8499755859375,71232,17143,0.2406643081761,0.040824241707165,501,0,501,0.029224756460363,1.3969061388941,1,699.84997558594,2090,33.73,0.048196043690307,0.00,"Social point unity",0
Active,"Additional Channels",eef6a3e8a88cb2419d10b68e2d946ed8,RON_DE_002,0,N/A,609.719970703125,52593,16126,0.30661875154488,0.03780974641592,725,0,726,0.044958452189012,0.84099306303879,4,152.42999267578,2271,41.94,0.068785675416921,0.00,"Social point unity",0
Active,"Additional Channels",93efedb1db6fb4aa314bf1cbe00d95b5,RON_US_iOS_200609,0,N/A,0,166,13,0.078313253012048,0,0,0,0,0,0,0,0,0,0,0,0.00,"Social point unity",0
Paused,Facebook,23845003955140608,"CONACQ_2020-06-21 US | Android | VO | Auto | 1D | FB Feed Only | 5% Pu Stack | Video Test #5",0,bidalgo_Social_point,0,0,0,0,0,0,0,0,0,0,0,0,0,0,0,0.00,"DC Consumer Acq Android",0
Paused,Facebook,23844998023570608,"CONACQ_2020-06-20 WW-Combo | Android | AEO | 18-65A | 1D | All Placements | 1% New Cluster Stack |",0,bidalgo_Social_point,0,0,0,0,0,0,0,0,0,0,0,0,0,0,0,0.00,"DC Consumer Acq Android",0
Paused,Facebook,23844992056270608,"CONACQ_2020-06-19 US | Android | VO | 18-65A | 1D | All Placements | 1% 9.99 Avg Stack |",0,bidalgo_Social_point,0,0,0,0,0,0,0,0,0,0,0,0,0,0,0,0.00,"DC Consumer Acq Android",0
Paused,Facebook,23844987569710608,"CONACQ_2020-06-18 IN | Android | MAI | Auto | 1D | FB Feed Only | 1% Pu Stack | Video Test #5",0,bidalgo_Social_point,0,0,0,0,0,0,0,0,0,0,0,0,0,0,0,0.00,"DC Consumer Acq Android",0
Paused,Google,10341904698,"US-ANDROID-UNIVERSAL-ACTION_ml_cpa_completed_action_3_(proxy test)_2020.06.19",0,bidalgo_Social_point,0,0,0,0,0,0,0,0,0,0,0,0,0,0,0,0.00,"Monster Legends",0
Active,Facebook,23844958809010000,"Adquant_FBCOUPON_MCI_AEO_ClickD1_MaxCPA_Lookalike (Worldwide 1% / 2% to 5%) - ML_ConvD7_Purchase3+_LTVColumn_D90_Tier1_2020.06.17",0,bidalgo_Social_point,1.5800000429153442,45,0,0,0,1,0,0,0,1.5800000429153,0,0,0,0,0,0.00,"SP COUPON RTG",0
Active,Facebook,23844979980850644,Adquant_WL_iOS_MAI_US_2020-06-19,0,bidalgo_Social_point,461.8800048828125,26351,316,0.011991954764525,1.4616455850722,141,1,151,0.44620253164557,3.2757447154809,0,0,431,30.580000000000002,0.066207672288734,0.00,"Word Life IOS",0
Active,Snapchat,9a3e4a5f-bce0-44b6-85dc-64f6af47013d,Mirigrowth_DragonCity_Android_UK-CA-AU-NZ-IE_AEO,0,bidalgo_Social_point,86.5199966430664,37440,158,0.0042200854700855,0.54759491546245,3,0,7,0.018987341772152,28.839998881022,0,0,1,0.06,0.00069348130291228,0.00,"Dragon City",0
Paused,Facebook,23844969809040608,"CONACQ_2020-06-16 WWex.IN | Android | VO | Auto | 1D | No Msgr | 5% New Clusters Stack | DLO | Lang",0,bidalgo_Social_point,0,0,0,0,0,0,0,0,0,0,0,0,0,0,0,0.00,"DC Consumer Acq Android",0
Paused,Facebook,23844969672040608,"CONACQ_2020-06-16 IN | Android | VO | Auto | 1D | FB Feed Only | 1% Pu Stack | Video Test #5",0,bidalgo_Social_point,0,0,0,0,0,0,0,0,0,0,0,0,0,0,0,0.00,"DC Consumer Acq Android",0
Paused,Facebook,23844958558040000,"Adquant_FBCOUPON_MCA_VO_ClickD1_Lookalike (Worldwide 1% / 2% to 5%) - ML_ConvD7_Purchase3+_LTVColumn_D90_WW_2020.06.17",0,bidalgo_Social_point,0,0,0,0,0,0,0,0,0,0,0,0,0,0,0,0.00,"SP COUPON RTG",0
Paused,Facebook,23844963164230644,Adquant_WL_iOS_WW_AEO_ClickD1_2020-06-16,0,bidalgo_Social_point,0,0,0,0,0,0,0,0,0,0,0,0,0,0,0,0.00,"Word Life IOS",0
Paused,Google,10328394225,IOS-V3-High-Value-countries,0,bidalgo_Social_point,0,0,0,0,0,0,0,0,0,0,0,0,0,0,0,0.00,"Dragon City",0
Paused,Google,10305666374,JP-IOS_JUNE_2020,0,bidalgo_Social_point,0,0,0,0,0,0,0,0,0,0,0,0,0,0,0,0.00,"Dragon City",0
Active,Facebook,23844832260950608,"CONACQ_2020-05-21 WW-Combo | Android | VO | Auto | 1D | All Placements | 1-10% Clusters Stack |",0,bidalgo_Social_point,357.0199890136719,76840,219,0.0028500780843311,1.6302282603364,55,0,97,0.25114155251142,6.4912725275213,2,178.50999450684,69,32.089999999999996,0.08988292249029,0.00,"DC Consumer Acq Android",0
Paused,Google,10019454209,US-IOS-tROAS-May,0,bidalgo_Social_point,0,0,0,0,0,0,0,0,0,0,0,0,0,0,0,0.00,"Dragon City",0
Active,Google,10012144028,AND-V3-High-Value-countries,1,bidalgo_Social_point,1366.0899658203125,228121,4872,0.021357086809193,0.28039613419957,1473,0,1187,0.30233990147783,0.92742020761732,28,48.788927350725,708,655.4199999999972,0.47977806469461,0.00,"Dragon City",0
Active,Google,9571145704,US-ANDROID-Weighted_purchase_event,1,bidalgo_Social_point,814.1400146484375,612757,5328,0.0086951271058511,0.15280405680339,618,0,611,0.11599099099099,1.3173786644797,7,116.30571637835,158,42.93,0.052730487664997,0.00,"Dragon City",0
Paused,Google,8457017889,Top_geos_Lvl15_ANDROID-UNIVERSAL-V3_Nov,0,bidalgo_Social_point,0,0,0,0,0,0,0,0,0,0,0,0,0,0,0,0.00,"Dragon City",0
Paused,Google,8457017406,"Top Geos-And-UNIVERSAL-V3_Nov",0,bidalgo_Social_point,0,0,0,0,0,0,0,0,0,0,0,0,0,0,0,0.00,"Dragon City",0
Paused,Google,8290784787,DE-ANDROID-UNIVERSAL-V3-Nov,0,bidalgo_Social_point,0,0,0,0,0,0,0,0,0,0,0,0,0,0,0,0.00,"Dragon City",0
Paused,Google,8187070784,US-ANDROID-UNIVERSAL-V3_Level10,0,bidalgo_Social_point,0,0,0,0,0,0,0,0,0,0,0,0,0,0,0,0.00,"Dragon City",0
Paused,Google,8187038354,US-ANDROID-UNIVERSAL-V2-Level10,0,bidalgo_Social_point,0,0,0,0,0,0,0,0,0,0,0,0,0,0,0,0.00,"Dragon City",0
Paused,Google,8075693227,CA/AU/-ANDROID-UNIVERSAL-V2_Day1_Nov,0,bidalgo_Social_point,0,0,0,0,0,0,0,0,0,0,0,0,0,0,0,0.00,"Dragon City",0
Paused,Google,8073083205,CA/AU/-ANDROID-UNIVERSAL-V3_Day1_Nov,0,bidalgo_Social_point,0,0,0,0,0,0,0,0,0,0,0,0,0,0,0,0.00,"Dragon City",0
Paused,Google,6934168456,CA/UK/AU-IOS-UNIVERSAL-V3_OCT_2019,0,bidalgo_Social_point,0,0,0,0,0,0,0,0,0,0,0,0,0,0,0,0.00,"Dragon City",0
Paused,Google,6769861564,US-ANDROID-UNIVERSAL-V2-OCT,0,bidalgo_Social_point,0,0,0,0,0,0,0,0,0,0,0,0,0,0,0,0.00,"Dragon City",0
Paused,Google,6478361687,"US-IOS-UNIVERSAL-V2 Sep",0,bidalgo_Social_point,0,0,0,0,0,0,0,0,0,0,0,0,0,0,0,0.00,"Dragon City",0
Paused,Google,6455956736,"R3-ANDROID-UNIVERSAL-V3_WW TOP",0,bidalgo_Social_point,0,0,0,0,0,0,0,0,0,0,0,0,0,0,0,0.00,"Dragon City",0
Paused,Google,6443858137,"T1-ANDROID-UNIVERSAL-V2_JULY_#2 #2",0,bidalgo_Social_point,0,0,0,0,0,0,0,0,0,0,0,0,0,0,0,0.00,"Dragon City",0
Paused,Google,2082421846,DE-ANDROID-UNIVERSAL-V3-August,0,bidalgo_Social_point,0,0,0,0,0,0,0,0,0,0,0,0,0,0,0,0.00,"Dragon City",0
Paused,Google,2082418003,"UK-ANDROID-UNIVERSAL-V2-JULY #2",0,bidalgo_Social_point,0,0,0,0,0,0,0,0,0,0,0,0,0,0,0,0.00,"Dragon City",0
Active,Google,2081688437,CA/AU/NZ-ANDROID-UNIVERSAL-V3_August,1,bidalgo_Social_point,2031.18994140625,229651,3784,0.016477176236986,0.53678381115387,938,0,770,0.24788583509514,2.1654476987273,11,184.65363103693,281,76.45,0.037638035932312,0.00,"Dragon City",0
Paused,Google,2079942612,T1-ANDROID-UNIVERSAL-V2_JULY_#2,0,bidalgo_Social_point,0,0,0,0,0,0,0,0,0,0,0,0,0,0,0,0.00,"Dragon City",0
Paused,Google,2079151163,"US-ANDROID-UNIVERSAL-V2-JULY #2",0,bidalgo_Social_point,0,0,0,0,0,0,0,0,0,0,0,0,0,0,0,0.00,"Dragon City",0
Paused,Google,2059674702,US-ANDROID-UNIVERSAL-V2-JULY,0,bidalgo_Social_point,0,0,0,0,0,0,0,0,0,0,0,0,0,0,0,0.00,"Dragon City",0
Paused,Google,2059541641,"FR-IOS-UNIVERSAL-V3_JUL_2019 #2",0,bidalgo_Social_point,0,0,0,0,0,0,0,0,0,0,0,0,0,0,0,0.00,"Dragon City",0
Paused,Google,2059183346,T1-ANDROID-UNIVERSAL-V2_2.2_JULY,0,bidalgo_Social_point,0,0,0,0,0,0,0,0,0,0,0,0,0,0,0,0.00,"Dragon City",0
Paused,Google,2057654315,UK-ANDROID-UNIVERSAL-V2-JULY,0,bidalgo_Social_point,0,0,0,0,0,0,0,0,0,0,0,0,0,0,0,0.00,"Dragon City",0
Paused,Google,2052907137,DE-ANDROID-UNIVERSAL-V2-JULY-19,0,bidalgo_Social_point,0,0,0,0,0,0,0,0,0,0,0,0,0,0,0,0.00,"Dragon City",0
Paused,Google,2052337403,FR-IOS-UNIVERSAL-V3_JUL_2019,0,bidalgo_Social_point,0,0,0,0,0,0,0,0,0,0,0,0,0,0,0,0.00,"Dragon City",0
Paused,Google,2021007785,US-ANDROID-UNIVERSAL-V2-June19,0,bidalgo_Social_point,0,0,0,0,0,0,0,0,0,0,0,0,0,0,0,0.00,"Dragon City",0
Paused,Google,2013663563,R3-IOS-BLACKLIST-UNIVERSAL-V3,0,bidalgo_Social_point,0,0,0,0,0,0,0,0,0,0,0,0,0,0,0,0.00,"Dragon City",0
Paused,Google,1943712414,T1-iOS-UNIVERSAL-V2,0,bidalgo_Social_point,0,0,0,0,0,0,0,0,0,0,0,0,0,0,0,0.00,"Dragon City",0
Paused,Facebook,23844747863320608,"CONACQ_2020-05-08 WW | Android | MinROAS1% | Auto | 1D | All Placements | 1-10% Clusters Stack |",0,bidalgo_Social_point,0,0,0,0,0,5,0,0,0,0,0,0,0,0,0,0.00,"DC Consumer Acq Android",0
Paused,Google,1943593803,CA/AU/NZ-ANDROID-UNIVERSAL-V3_May_2019,0,bidalgo_Social_point,0,0,0,0,0,0,0,0,0,0,0,0,0,0,0,0.00,"Dragon City",0
Paused,Google,1943064926,R3-BLACKLIST-ANDROID-UNIVERSAL-V3,0,bidalgo_Social_point,0,0,0,0,0,0,0,0,0,0,0,0,0,0,0,0.00,"Dragon City",0
Paused,Google,1942912256,AU/CA/NZ-IOS-UNIVERSAL-V3_MAY_2019,0,bidalgo_Social_point,0,0,0,0,0,0,0,0,0,0,0,0,0,0,0,0.00,"Dragon City",0
Paused,Google,1913426327,UK-IOS-UNIVERSAL-V3_MAY_2019,0,bidalgo_Social_point,0,0,0,0,0,0,0,0,0,0,0,0,0,0,0,0.00,"Dragon City",0
Paused,Google,1785718281,US-iOS-UNIVERSAL-V2-2.1,0,bidalgo_Social_point,0,0,0,0,0,0,0,0,0,0,0,0,0,0,0,0.00,"Dragon City",0
Paused,Google,1784939026,T1-ANDROID-UNIVERSAL-V2_2.1,0,bidalgo_Social_point,0,0,0,0,0,0,0,0,0,0,0,0,0,0,0,0.00,"Dragon City",0
Paused,Google,1759609326,PH-ANDROID-UNIVERSAL-V3,0,bidalgo_Social_point,0,0,0,0,0,0,0,0,0,0,0,0,0,0,0,0.00,"Dragon City",0
Paused,Google,1758682787,AU-ANDROID-UNIVERSAL-V3_secondtry,0,bidalgo_Social_point,0,0,0,0,0,0,0,0,0,0,0,0,0,0,0,0.00,"Dragon City",0
Paused,Google,1703162331,AU-IOS-UNIVERSAL-V3_FEB_2019,0,bidalgo_Social_point,0,0,0,0,0,0,0,0,0,0,0,0,0,0,0,0.00,"Dragon City",0
Paused,Google,1703161866,CA-IOS-UNIVERSAL-V3_FEB_2019,0,bidalgo_Social_point,0,0,0,0,0,0,0,0,0,0,0,0,0,0,0,0.00,"Dragon City",0
Paused,Google,1702002923,UK-IOS-UNIVERSAL-V3_FEB_2019,0,bidalgo_Social_point,0,0,0,0,0,0,0,0,0,0,0,0,0,0,0,0.00,"Dragon City",0
Active,Google,1671117748,US-IOS-UNIVERSAL-V3_JAN_2019,1,bidalgo_Social_point,2981.2900390625,736914,6188,0.0083971806750856,0.48178572059834,681,0,882,0.11005171299289,4.3778120984765,26,114.6650015024,451,581.92,0.19519066993663,0.00,"Dragon City",0
Paused,Google,1639238537,R3-IOS-UNIVERSAL-V3,0,bidalgo_Social_point,0,0,0,0,0,0,0,0,0,0,0,0,0,0,0,0.00,"Dragon City",0
Paused,Google,1639039168,R3-ANDROID-UNIVERSAL-V3_WW,0,bidalgo_Social_point,0,0,0,0,0,1,0,0,0,0,0,0,0,0,0,0.00,"Dragon City",0
Paused,Google,1529198109,TW-ANDROID-UNIVERSAL-V3,0,bidalgo_Social_point,0,0,0,0,0,0,0,0,0,0,0,0,0,0,0,0.00,"Dragon City",0
Paused,Google,1529197089,NL-ANDROID-UNIVERSAL-V3,0,bidalgo_Social_point,0,0,0,0,0,0,0,0,0,0,0,0,0,0,0,0.00,"Dragon City",0
Paused,Google,1529196168,BE-ANDROID-UNIVERSAL-V3,0,bidalgo_Social_point,0,0,0,0,0,0,0,0,0,0,0,0,0,0,0,0.00,"Dragon City",0
Paused,Google,1528422184,"US-IOS-UNIVERSAL-V3-SECONDTRY #8",0,bidalgo_Social_point,0,0,0,0,0,0,0,0,0,0,0,0,0,0,0,0.00,"Dragon City",0
Paused,Google,1528422166,"US-IOS-UNIVERSAL-V3-SECONDTRY #7",0,bidalgo_Social_point,0,0,0,0,0,0,0,0,0,0,0,0,0,0,0,0.00,"Dragon City",0
Paused,Google,1528421941,AU-IOS-UNIVERSAL-V3-SECONDTRY,0,bidalgo_Social_point,0,0,0,0,0,0,0,0,0,0,0,0,0,0,0,0.00,"Dragon City",0
Paused,Google,1528421716,CA-IOS-UNIVERSAL-V3-SECONDTRY,0,bidalgo_Social_point,0,0,0,0,0,0,0,0,0,0,0,0,0,0,0,0.00,"Dragon City",0
Paused,Google,1528419577,US-IOS-UNIVERSAL-V3-SECONDTRY,0,bidalgo_Social_point,0,0,0,0,0,0,0,0,0,0,0,0,0,0,0,0.00,"Dragon City",0
Paused,Google,1528146191,JP-ANDROID-UNIVERSAL-V3,0,bidalgo_Social_point,0,0,0,0,0,0,0,0,0,0,0,0,0,0,0,0.00,"Dragon City",0
Paused,Google,1528113773,DE-IOS-UNIVERSAL-V3-SECONDTRY,0,bidalgo_Social_point,0,0,0,0,0,0,0,0,0,0,0,0,0,0,0,0.00,"Dragon City",0
Paused,Google,1528113593,FR-IOS-UNIVERSAL-V3-SECONDTRY,0,bidalgo_Social_point,0,0,0,0,0,0,0,0,0,0,0,0,0,0,0,0.00,"Dragon City",0
Paused,Google,1528113050,UK-IOS-UNIVERSAL-V3-SECONDTRY,0,bidalgo_Social_point,0,0,0,0,0,0,0,0,0,0,0,0,0,0,0,0.00,"Dragon City",0
Paused,Google,1510094299,DK-ANDROID-UNIVERSAL-V1,0,bidalgo_Social_point,0,0,0,0,0,0,0,0,0,0,0,0,0,0,0,0.00,"Dragon City",0
Paused,Google,1509568059,none,0,bidalgo_Social_point,0,0,0,0,0,0,0,0,0,0,0,0,0,0,0,0.00,"Dragon City",0
Paused,Google,1508046419,NONE,0,bidalgo_Social_point,0,0,0,0,0,0,0,0,0,0,0,0,0,0,0,0.00,"Dragon City",0
Paused,Google,959186327,US-IOS-UNIVERSAL-V2,0,bidalgo_Social_point,0,0,0,0,0,0,0,0,0,0,0,0,0,0,0,0.00,"Dragon City",0
Paused,Google,959030305,AU-IOS-UNIVERSAL-V3,0,bidalgo_Social_point,0,0,0,0,0,0,0,0,0,0,0,0,0,0,0,0.00,"Dragon City",0
Paused,Google,959027038,AU-IOS-UNIVERSAL-V1,0,bidalgo_Social_point,0,0,0,0,0,1,0,0,0,0,0,0,0,0,0,0.00,"Dragon City",0
Paused,Google,954332148,AU-ANDROID-UNIVERSAL-V1,0,bidalgo_Social_point,0,0,0,0,0,0,0,0,0,0,0,0,0,0,0,0.00,"Dragon City",0
Paused,Google,954331884,CA-ANDROID-UNIVERSAL-V1,0,bidalgo_Social_point,0,0,0,0,0,0,0,0,0,0,0,0,0,0,0,0.00,"Dragon City",0
Paused,Google,954330660,UK-ANDROID-UNIVERSAL-V1,0,bidalgo_Social_point,0,0,0,0,0,0,0,0,0,0,0,0,0,0,0,0.00,"Dragon City",0
Paused,Google,954294678,US-ANDROID-UNIVERSAL-V1,0,bidalgo_Social_point,0,0,0,0,0,0,0,0,0,0,0,0,0,0,0,0.00,"Dragon City",0
Paused,Google,1507995521,DK-ANDROID-UNIVERSAL-V3,0,bidalgo_Social_point,0,0,0,0,0,0,0,0,0,0,0,0,0,0,0,0.00,"Dragon City",0
Paused,Google,1505420808,UK-ANDROID-UNIVERSAL-V3_SECONDTRY,0,bidalgo_Social_point,0,0,0,0,0,0,0,0,0,0,0,0,0,0,0,0.00,"Dragon City",0
Paused,Google,1504861372,AU-ANDROID-UNIVERSAL-V2CPA_SECONDTRY,0,bidalgo_Social_point,0,0,0,0,0,0,0,0,0,0,0,0,0,0,0,0.00,"Dragon City",0
Paused,Google,1504861366,UK-ANDROID-UNIVERSAL-V2CPA_SECONDTRY,0,bidalgo_Social_point,0,0,0,0,0,0,0,0,0,0,0,0,0,0,0,0.00,"Dragon City",0
Paused,Google,1504411172,AU-ANDROID-UNIVERSAL-V3_SECONDTRY,0,bidalgo_Social_point,0,0,0,0,0,0,0,0,0,0,0,0,0,0,0,0.00,"Dragon City",0
Paused,Google,1504411169,CA-ANDROID-UNIVERSAL-V3_SECONDTRY,0,bidalgo_Social_point,0,0,0,0,0,0,0,0,0,0,0,0,0,0,0,0.00,"Dragon City",0
Paused,Google,1504409459,US-ANDROID-UNIVERSAL-V2CPA_SECONDTRY,0,bidalgo_Social_point,0,0,0,0,0,0,0,0,0,0,0,0,0,0,0,0.00,"Dragon City",0
Paused,Google,779386717,US-ANDROID-UNIVERSAL-SEARCH,0,bidalgo_Social_point,0,0,0,0,0,0,0,0,0,0,0,0,0,0,0,0.00,"Dragon City",0
Paused,Google,1444909821,R2-ANDROID-UNIVERSAL-V3,0,bidalgo_Social_point,0,0,0,0,0,0,0,0,0,0,0,0,0,0,0,0.00,"Dragon City",0
Active,Google,954281427,US-ANDROID-UNIVERSAL-V3,1,bidalgo_Social_point,10071.9599609375,931831,14736,0.01581402636315,0.6834934826912,3363,0,3264,0.22821661237785,2.9949330838351,53,190.03698039505,1456,878.06,0.087178662683869,0.00,"Dragon City",0
Paused,Google,954279993,US-IOS-UNIVERSAL-V3,0,bidalgo_Social_point,0,0,0,0,0,0,0,0,0,0,0,0,0,0,0,0.00,"Dragon City",0
Paused,Google,1444907172,R3-ANDROID-UNIVERSAL-V3,0,bidalgo_Social_point,0,0,0,0,0,0,0,0,0,0,0,0,0,0,0,0.00,"Dragon City",0
Paused,Google,954261036,UK-IOS-UNIVERSAL-V1,0,bidalgo_Social_point,0,0,0,0,0,0,0,0,0,0,0,0,0,0,0,0.00,"Dragon City",0
Paused,Google,1444902696,US-IOS-UNIVERSAL-V2_D1RET2,0,bidalgo_Social_point,0,0,0,0,0,0,0,0,0,0,0,0,0,0,0,0.00,"Dragon City",0
Paused,Google,953453663,CA-ANDROID-UNIVERSAL-V2,0,bidalgo_Social_point,0,0,0,0,0,0,0,0,0,0,0,0,0,0,0,0.00,"Dragon City",0
Paused,Google,1444593313,US-IOS-UNIVERSAL-V3_D1RET2,0,bidalgo_Social_point,0,0,0,0,0,0,0,0,0,0,0,0,0,0,0,0.00,"Dragon City",0
Paused,Google,953453642,AU-ANDROID-UNIVERSAL-V2,0,bidalgo_Social_point,0,0,0,0,0,0,0,0,0,0,0,0,0,0,0,0.00,"Dragon City",0
Paused,Google,1437524378,US-IOS-UNIVERSAL-V2_NULL,0,bidalgo_Social_point,0,0,0,0,0,0,0,0,0,0,0,0,0,0,0,0.00,"Dragon City",0
Paused,Google,754688111,US-ANDROID-UNIVERSAL-Video+display,0,bidalgo_Social_point,0,0,0,0,0,0,0,0,0,0,0,0,0,0,0,0.00,"Dragon City",0
Paused,Google,1437522182,US-IOS-UNIVERSAL-V3_D1NULL,0,bidalgo_Social_point,0,0,0,0,0,0,0,0,0,0,0,0,0,0,0,0.00,"Dragon City",0
Paused,Google,953453219,UK-ANDROID-UNIVERSAL-V2,0,bidalgo_Social_point,0,0,0,0,0,0,0,0,0,0,0,0,0,0,0,0.00,"Dragon City",0
Paused,Google,953416316,US-ANDROID-UNIVERSAL-V2,0,bidalgo_Social_point,0,0,0,0,0,0,0,0,0,0,0,0,0,0,0,0.00,"Dragon City",0
Paused,Google,953392448,UK-IOS-UNIVERSAL-V2,0,bidalgo_Social_point,0,0,0,0,0,0,0,0,0,0,0,0,0,0,0,0.00,"Dragon City",0
Paused,Google,953294155,"V1 AN DEF",0,bidalgo_Social_point,0,0,0,0,0,0,0,0,0,0,0,0,0,0,0,0.00,"Dragon City",0
Paused,Google,953243650,US-IOS-UNIVERSAL-V1,0,bidalgo_Social_point,0,0,0,0,0,0,0,0,0,0,0,0,0,0,0,0.00,"Dragon City",0
Paused,Google,949751695,SDAF,0,bidalgo_Social_point,0,0,0,0,0,0,0,0,0,0,0,0,0,0,0,0.00,"Dragon City",0
Paused,Google,919742367,"UK- ANDROID- UNIVERSAL- Search- Content View",0,bidalgo_Social_point,0,0,0,0,0,0,0,0,0,0,0,0,0,0,0,0.00,"Dragon City",0
Paused,Google,919741896,"US- ANDROID- UNIVERSAL- Search- Content View",0,bidalgo_Social_point,0,0,0,0,0,0,0,0,0,0,0,0,0,0,0,0.00,"Dragon City",0
Paused,Google,919713288,"US- ANDROID- UNIVERSAL- Search Level 10",0,bidalgo_Social_point,0,0,0,0,0,0,0,0,0,0,0,0,0,0,0,0.00,"Dragon City",0
Paused,Google,919005350,"CA- ANDROID- UNIVERSAL- Search- Content View",0,bidalgo_Social_point,0,0,0,0,0,0,0,0,0,0,0,0,0,0,0,0.00,"Dragon City",0
Paused,Google,918988937,"FR- ANDROID- UNIVERSAL- Search Level 10",0,bidalgo_Social_point,0,0,0,0,0,0,0,0,0,0,0,0,0,0,0,0.00,"Dragon City",0
Paused,Google,918988694,"AU- ANDROID- UNIVERSAL- Search Level 10",0,bidalgo_Social_point,0,0,0,0,0,0,0,0,0,0,0,0,0,0,0,0.00,"Dragon City",0
Paused,Google,918988262,"UK- ANDROID- UNIVERSAL- Search Level 10",0,bidalgo_Social_point,0,0,0,0,0,0,0,0,0,0,0,0,0,0,0,0.00,"Dragon City",0
Paused,Google,918671485,"US- ANDROID- UNIVERSAL- Search- Actions CPA",0,bidalgo_Social_point,0,0,0,0,0,0,0,0,0,0,0,0,0,0,0,0.00,"Dragon City",0
Paused,Google,1437513984,AU-ANDROID-UNIVERSAL-V2CPA,0,bidalgo_Social_point,0,0,0,0,0,0,0,0,0,0,0,0,0,0,0,0.00,"Dragon City",0
Paused,Google,918667678,"DE- ANDROID- UNIVERSAL- Search- Content View",0,bidalgo_Social_point,0,0,0,0,0,0,0,0,0,0,0,0,0,0,0,0.00,"Dragon City",0
Paused,Google,754492492,US-ANDROID-UNIVERSAL-Onlyvideo,0,bidalgo_Social_point,0,0,0,0,0,1,0,0,0,0,0,0,0,0,0,0.00,"Dragon City",0
Paused,Google,709540545,"AU_IOS_UNIVERSAL_YOUTUBERS 29TH NOV",0,bidalgo_Social_point,0,0,0,0,0,0,0,0,0,0,0,0,0,0,0,0.00,"Dragon City",0
Paused,Google,1437513837,DE-ANDROID-UNIVERSAL-V2CPA,0,bidalgo_Social_point,0,0,0,0,0,0,0,0,0,0,0,0,0,0,0,0.00,"Dragon City",0
Paused,Google,709449257,"UK-IOS-UNIVERSAL- YOUTUBERS 29TH NOV",0,bidalgo_Social_point,0,0,0,0,0,0,0,0,0,0,0,0,0,0,0,0.00,"Dragon City",0
Paused,Google,1437513822,UK-ANDROID-UNIVERSAL-V2CPA,0,bidalgo_Social_point,0,0,0,0,0,0,0,0,0,0,0,0,0,0,0,0.00,"Dragon City",0
Paused,Google,709439657,"AU- ANDROID- UNIVERSAL- YOUTUBERS 29TH NOV",0,bidalgo_Social_point,0,0,0,0,0,0,0,0,0,0,0,0,0,0,0,0.00,"Dragon City",0
Paused,Google,709436858,"CA-ANDROID- UNIVERSAL- YOUTUBERS 29TH NOV",0,bidalgo_Social_point,0,0,0,0,0,0,0,0,0,0,0,0,0,0,0,0.00,"Dragon City",0
Paused,Google,1437490698,FR-ANDROID-UNIVERSAL-V2LEVEL10,0,bidalgo_Social_point,0,0,0,0,0,0,0,0,0,0,0,0,0,0,0,0.00,"Dragon City",0
Paused,Google,709434626,"UK-ANDROID- UNIVERSAL- YOUTUBERS 29TH NOV",0,bidalgo_Social_point,0,0,0,0,0,0,0,0,0,0,0,0,0,0,0,0.00,"Dragon City",0
Paused,Google,1437490692,DE-ANDROID-UNIVERSAL-V2LEVEL10,0,bidalgo_Social_point,0,0,0,0,0,0,0,0,0,0,0,0,0,0,0,0.00,"Dragon City",0
Paused,Google,709121692,"CA- IOS- UNIVERSAL- YOUTUBERS 29TH NOV",0,bidalgo_Social_point,0,0,0,0,0,0,0,0,0,0,0,0,0,0,0,0.00,"Dragon City",0
Paused,Google,1437490518,AU-ANDROID-UNIVERSAL-V2LEVEL10,0,bidalgo_Social_point,0,0,0,0,0,0,0,0,0,0,0,0,0,0,0,0.00,"Dragon City",0
Paused,Google,1437254080,CA-ANDROID-UNIVERSAL-V2CPA,0,bidalgo_Social_point,0,0,0,0,0,0,0,0,0,0,0,0,0,0,0,0.00,"Dragon City",0
Paused,Google,1437253900,FR-ANDROID-UNIVERSAL-V2CPA,0,bidalgo_Social_point,0,0,0,0,0,0,0,0,0,0,0,0,0,0,0,0.00,"Dragon City",0
Paused,Google,691159811,AU-ANDROID-UNIVERSAL-TUTORIAL,0,bidalgo_Social_point,0,0,0,0,0,0,0,0,0,0,0,0,0,0,0,0.00,"Dragon City",0
Paused,Google,1437253885,US-ANDROID-UNIVERSAL-V2CPA,0,bidalgo_Social_point,0,0,0,0,0,0,0,0,0,0,0,0,0,0,0,0.00,"Dragon City",0
Paused,Google,691159598,CA-ANDROID-UNIVERSAL-TUTORIAL,0,bidalgo_Social_point,0,0,0,0,0,0,0,0,0,0,0,0,0,0,0,0.00,"Dragon City",0
Paused,Google,709111630,"US_IOS_UNIVERSAL- YOUTUBERS 29TH NOV",0,bidalgo_Social_point,0,0,0,0,0,0,0,0,0,0,0,0,0,0,0,0.00,"Dragon City",0
Paused,Google,1437221980,CA-ANDROID-UNIVERSAL-V2LEVEL10,0,bidalgo_Social_point,0,0,0,0,0,0,0,0,0,0,0,0,0,0,0,0.00,"Dragon City",0
Paused,Google,690827665,US-IOS-UNIVERSAL-TUTORIAL,0,bidalgo_Social_point,0,0,0,0,0,0,0,0,0,0,0,0,0,0,0,0.00,"Dragon City",0
Paused,Google,1436576837,UK-ANDROID-UNIVERSAL-V2LEVEL10,0,bidalgo_Social_point,0,0,0,0,0,0,0,0,0,0,0,0,0,0,0,0.00,"Dragon City",0
Paused,Google,690827260,UK-IOS-UNIVERSAL-TUTORIAL,0,bidalgo_Social_point,0,0,0,0,0,0,0,0,0,0,0,0,0,0,0,0.00,"Dragon City",0
Paused,Google,1435834231,US-ANDROID-UNIVERSAL-V2LEVEL10,0,bidalgo_Social_point,0,0,0,0,0,0,0,0,0,0,0,0,0,0,0,0.00,"Dragon City",0
Paused,Google,690822673,FR-IOS-UNIVERSAL-PURCHASE,0,bidalgo_Social_point,0,0,0,0,0,0,0,0,0,0,0,0,0,0,0,0.00,"Dragon City",0
Paused,Google,690822211,UK-IOS-UNIVERSAL-PURCHASE,0,bidalgo_Social_point,0,0,0,0,0,0,0,0,0,0,0,0,0,0,0,0.00,"Dragon City",0
Paused,Google,1373833656,FR-ANDROID-UNIVERSAL-V3FRENCH_PQ2,0,bidalgo_Social_point,0,0,0,0,0,0,0,0,0,0,0,0,0,0,0,0.00,"Dragon City",0
Paused,Google,690821959,US-IOS-UNIVERSAL-PURCHASE,0,bidalgo_Social_point,0,0,0,0,0,0,0,0,0,0,0,0,0,0,0,0.00,"Dragon City",0
Paused,Google,1373819010,US-ANDROID-UNIVERSAL-V3_SPANISH,0,bidalgo_Social_point,0,0,0,0,0,0,0,0,0,0,0,0,0,0,0,0.00,"Dragon City",0
Paused,Google,690815224,UK-ANDROID-UNIVERSAL-TUTORIAL,0,bidalgo_Social_point,0,0,0,0,0,0,0,0,0,0,0,0,0,0,0,0.00,"Dragon City",0
Paused,Google,1373815833,"CA-ANDROID-UNIVERSAL-V3 #2",0,bidalgo_Social_point,0,0,0,0,0,0,0,0,0,0,0,0,0,0,0,0.00,"Dragon City",0
Paused,Google,683864579,"US-ANDROID-UNIVERSAL-TUTORIAL #2",0,bidalgo_Social_point,0,0,0,0,0,0,0,0,0,0,0,0,0,0,0,0.00,"Dragon City",0
Paused,Google,1373517802,AU-ANDROID-UNIVERSAL-V3_PQ2,0,bidalgo_Social_point,0,0,0,0,0,0,0,0,0,0,0,0,0,0,0,0.00,"Dragon City",0
Paused,Google,680065116,US_ANDROID_TUTORIAL,0,bidalgo_Social_point,0,0,0,0,0,0,0,0,0,0,0,0,0,0,0,0.00,"Dragon City",0
Paused,Google,680045952,UK-IOS-UNIVERSAL,0,bidalgo_Social_point,0,0,0,0,0,0,0,0,0,0,0,0,0,0,0,0.00,"Dragon City",0
Paused,Google,709097257,"US_ANDROID_UNIVERSAL- YOUTUBERS 29TH NOV",0,bidalgo_Social_point,0,0,0,0,0,0,0,0,0,0,0,0,0,0,0,0.00,"Dragon City",0
Paused,Google,692235084,AU-IOS-UNIVERSAL-LEVEL10,0,bidalgo_Social_point,0,0,0,0,0,0,0,0,0,0,0,0,0,0,0,0.00,"Dragon City",0
Paused,Google,692234352,UK-IOS-UNIVERSAL-LEVEL10,0,bidalgo_Social_point,0,0,0,0,0,0,0,0,0,0,0,0,0,0,0,0.00,"Dragon City",0
Paused,Google,692192570,US-IOS-UNIVERSAL-LEVEL10,0,bidalgo_Social_point,0,0,0,0,0,0,0,0,0,0,0,0,0,0,0,0.00,"Dragon City",0
Paused,Google,692192555,FR-IOS-UNIVERSAL-LEVEL10,0,bidalgo_Social_point,0,0,0,0,0,0,0,0,0,0,0,0,0,0,0,0.00,"Dragon City",0
Paused,Google,679944944,US_ANDROID_UNIVERSAL-LEVEL13,0,bidalgo_Social_point,0,0,0,0,0,0,0,0,0,0,0,0,0,0,0,0.00,"Dragon City",0
Paused,Google,692191178,CA-IOS-UNIVERSAL-LEVEL10,0,bidalgo_Social_point,0,0,0,0,0,0,0,0,0,0,0,0,0,0,0,0.00,"Dragon City",0
Paused,Google,679927826,DE-IOS-UNIVERSAL-LEVEL10,0,bidalgo_Social_point,0,0,0,0,0,0,0,0,0,0,0,0,0,0,0,0.00,"Dragon City",0
Paused,Google,679927439,DE-IOS-UNIVERSAL-TUTORIAL,0,bidalgo_Social_point,0,0,0,0,0,0,0,0,0,0,0,0,0,0,0,0.00,"Dragon City",0
Paused,Google,691226070,AU-ANDROID-UNIVERSAL-PURCHASE,0,bidalgo_Social_point,0,0,0,0,0,0,0,0,0,0,0,0,0,0,0,0.00,"Dragon City",0
Paused,Google,679925186,FR-IOS-UNIVERSAL,0,bidalgo_Social_point,0,0,0,0,0,0,0,0,0,0,0,0,0,0,0,0.00,"Dragon City",0
Paused,Google,691225653,CA-ANDROID-UNIVERSAL-PURCHASE,0,bidalgo_Social_point,0,0,0,0,0,0,0,0,0,0,0,0,0,0,0,0.00,"Dragon City",0
Paused,Google,679924958,DE-IOS-UNIVERSAL,0,bidalgo_Social_point,0,0,0,0,0,0,0,0,0,0,0,0,0,0,0,0.00,"Dragon City",0
Paused,Google,691222017,DE-ANDROID-UNIVERSAL-TUTORIAL,0,bidalgo_Social_point,0,0,0,0,0,0,0,0,0,0,0,0,0,0,0,0.00,"Dragon City",0
Paused,Google,967027915,DE-IOS-UNIVERSAL-V1GERMAN,0,bidalgo_Social_point,0,0,0,0,0,0,0,0,0,0,0,0,0,0,0,0.00,"Dragon City",0
Paused,Google,679744291,US_ANDROID_UNIVERSAL-PURCHASE,0,bidalgo_Social_point,0,0,0,0,0,0,0,0,0,0,0,0,0,0,0,0.00,"Dragon City",0
Paused,Google,691221297,FR-ANDROID-UNIVERSAL-TUTORIAL,0,bidalgo_Social_point,0,0,0,0,0,0,0,0,0,0,0,0,0,0,0,0.00,"Dragon City",0
Paused,Google,691170155,FR-IOS-UNIVERSAL-TUTORIAL,0,bidalgo_Social_point,0,0,0,0,0,0,0,0,0,0,0,0,0,0,0,0.00,"Dragon City",0
Paused,Google,679732249,DE-IOS-UNIVERSAL-PURCHASE,0,bidalgo_Social_point,0,0,0,0,0,0,0,0,0,0,0,0,0,0,0,0.00,"Dragon City",0
Paused,Google,691170137,CA-IOS-UNIVERSAL-TUTORIAL,0,bidalgo_Social_point,0,0,0,0,0,0,0,0,0,0,0,0,0,0,0,0.00,"Dragon City",0
Paused,Google,679728931,AU-IOS-UNIVERSAL,0,bidalgo_Social_point,0,0,0,0,0,0,0,0,0,0,0,0,0,0,0,0.00,"Dragon City",0
Paused,Google,691169969,AU-IOS-UNIVERSAL-TUTORIAL,0,bidalgo_Social_point,0,0,0,0,0,0,0,0,0,0,0,0,0,0,0,0.00,"Dragon City",0
Paused,Google,679728469,CA-IOS-UNIVERSAL,0,bidalgo_Social_point,0,0,0,0,0,0,0,0,0,0,0,0,0,0,0,0.00,"Dragon City",0
Paused,Google,691166534,CA-IOS-UNIVERSAL-PURCHASE,0,bidalgo_Social_point,0,0,0,0,0,0,0,0,0,0,0,0,0,0,0,0.00,"Dragon City",0
Paused,Google,679726927,US-IOS-UNIVERSAL,0,bidalgo_Social_point,0,0,0,0,0,0,0,0,0,0,0,0,0,0,0,0.00,"Dragon City",0
Paused,Google,649914867,CA-ANDROID-UNIVERSAL,0,bidalgo_Social_point,0,0,0,0,0,0,0,0,0,0,0,0,0,0,0,0.00,"Dragon City",0
Paused,Google,649664821,R3-ANDROID-UNIVERSAL,0,bidalgo_Social_point,0,0,0,0,0,0,0,0,0,0,0,0,0,0,0,0.00,"Dragon City",0
Paused,Google,649663336,AU-ANDROID-UNIVERSAL,0,bidalgo_Social_point,0,0,0,0,0,0,0,0,0,0,0,0,0,0,0,0.00,"Dragon City",0
Paused,Google,649636475,R1-ANDROID-UNIVERSAL,0,bidalgo_Social_point,0,0,0,0,0,0,0,0,0,0,0,0,0,0,0,0.00,"Dragon City",0
Paused,Google,649619018,US-ANDROID-UNIVERSAL,0,bidalgo_Social_point,0,0,0,0,0,0,0,0,0,0,0,0,0,0,0,0.00,"Dragon City",0
Paused,Google,691165637,AU-IOS-UNIVERSAL-PURCHASE,0,bidalgo_Social_point,0,0,0,0,0,0,0,0,0,0,0,0,0,0,0,0.00,"Dragon City",0
Paused,Google,619489186,"Universal SE,NO,HK,",0,bidalgo_Social_point,0,0,0,0,0,0,0,0,0,0,0,0,0,0,0,0.00,"Dragon City",0
Paused,Google,691163756,DE-ANDROID-UNIVERSAL-PURCHASE,0,bidalgo_Social_point,0,0,0,0,0,0,0,0,0,0,0,0,0,0,0,0.00,"Dragon City",0
Paused,Google,691163519,FR-ANDROID-UNIVERSAL-PURCHASE,0,bidalgo_Social_point,0,0,0,0,0,0,0,0,0,0,0,0,0,0,0,0.00,"Dragon City",0
Paused,Google,613504474,HK-ANDROID-YOUTUBE-UNIVERSAL,0,bidalgo_Social_point,0,0,0,0,0,0,0,0,0,0,0,0,0,0,0,0.00,"Dragon City",0
Paused,Google,1373484442,CA-ANDROID-UNIVERSAL-V3_PQ2,0,bidalgo_Social_point,0,0,0,0,0,0,0,0,0,0,0,0,0,0,0,0.00,"Dragon City",0
Paused,Google,1373399711,DE-ANDROID-UNIVERSAL-V3_PQ1,0,bidalgo_Social_point,0,0,0,0,0,0,0,0,0,0,0,0,0,0,0,0.00,"Dragon City",0
Paused,Google,1373395856,CA-ANDROID-UNIVERSAL-V3_PQ1,0,bidalgo_Social_point,0,0,0,0,0,0,0,0,0,0,0,0,0,0,0,0.00,"Dragon City",0
Paused,Google,1187295822,AU-ANDROID-UNIVERSAL-PQ1,0,bidalgo_Social_point,0,0,0,0,0,0,0,0,0,0,0,0,0,0,0,0.00,"Dragon City",0
Paused,Google,1187295585,CA-ANDROID-UNIVERSAL-PQ1,0,bidalgo_Social_point,0,0,0,0,0,0,0,0,0,0,0,0,0,0,0,0.00,"Dragon City",0
Paused,Google,967027894,DE-ANDROID-UNIVERSAL-V3,0,bidalgo_Social_point,0,0,0,0,0,0,0,0,0,0,0,0,0,0,0,0.00,"Dragon City",0
Paused,Google,318204761,UK-ANDROID-UNIVERSAL,0,bidalgo_Social_point,0,0,0,0,0,0,0,0,0,0,0,0,0,0,0,0.00,"Dragon City",0
Paused,Google,967023514,FR-ANDROID-UNIVERSAL-V2,0,bidalgo_Social_point,0,0,0,0,0,0,0,0,0,0,0,0,0,0,0,0.00,"Dragon City",0
Paused,Google,967023505,FR-ANDROID-UNIVERSAL-V2CONTENTVIEW,0,bidalgo_Social_point,0,0,0,0,0,0,0,0,0,0,0,0,0,0,0,0.00,"Dragon City",0
Paused,Google,1187288134,DE-ANDROID-UNIVERSAL-PQ1,0,bidalgo_Social_point,0,0,0,0,0,0,0,0,0,0,0,0,0,0,0,0.00,"Dragon City",0
Paused,Google,967023499,FR-IOS-UNIVERSAL-V2,0,bidalgo_Social_point,0,0,0,0,0,0,0,0,0,0,0,0,0,0,0,0.00,"Dragon City",0
Paused,Google,967023496,FR-ANDROID-UNIVERSAL-V1,0,bidalgo_Social_point,0,0,0,0,0,0,0,0,0,0,0,0,0,0,0,0.00,"Dragon City",0
Paused,Google,1186391756,US-ANDROID-UNIVERSAL-PQ1,0,bidalgo_Social_point,0,0,0,0,0,0,0,0,0,0,0,0,0,0,0,0.00,"Dragon City",0
Paused,Google,967023490,FR-IOS-UNIVERSAL-V1,0,bidalgo_Social_point,0,0,0,0,0,0,0,0,0,0,0,0,0,0,0,0.00,"Dragon City",0
Paused,Google,966990943,CA-IOS-UNIVERSAL-V2CONTENTVIEW,0,bidalgo_Social_point,0,0,0,0,0,0,0,0,0,0,0,0,0,0,0,0.00,"Dragon City",0
Paused,Google,966990847,CA-ANDROID-UNIVERSAL-V2CONTENTVIEW,0,bidalgo_Social_point,0,0,0,0,0,0,0,0,0,0,0,0,0,0,0,0.00,"Dragon City",0
Paused,Google,1186391516,UK-ANDROID-UNIVERSAL-PQ1,0,bidalgo_Social_point,0,0,0,0,0,0,0,0,0,0,0,0,0,0,0,0.00,"Dragon City",0
Paused,Google,966990460,AU-ANDROID-UNIVERSAL-V2CONTENTVIEW,0,bidalgo_Social_point,0,0,0,0,0,0,0,0,0,0,0,0,0,0,0,0.00,"Dragon City",0
Paused,Google,1186332440,FR-ANDROID-UNIVERSAL-PQ1FRENCH,0,bidalgo_Social_point,0,0,0,0,0,1,0,0,0,0,0,0,0,0,0,0.00,"Dragon City",0
Paused,Google,966990202,AU-IOS-UNIVERSAL-V2CONTENTVIEW,0,bidalgo_Social_point,0,0,0,0,0,0,0,0,0,0,0,0,0,0,0,0.00,"Dragon City",0
Paused,Google,967130520,DE-IOS-UNIVERSAL-V3GERMAN,0,bidalgo_Social_point,0,0,0,0,0,0,0,0,0,0,0,0,0,0,0,0.00,"Dragon City",0
Paused,Google,966293666,DE-ANDROID-UNIVERSAL-V2,0,bidalgo_Social_point,0,0,0,0,0,0,0,0,0,0,0,0,0,0,0,0.00,"Dragon City",0
Paused,Google,967130391,DE-IOS-UNIVERSAL-V2CONTENTVIEW,0,bidalgo_Social_point,0,0,0,0,0,0,0,0,0,0,0,0,0,0,0,0.00,"Dragon City",0
Paused,Google,966293651,DE-IOS-UNIVERSAL-V2CONTENTVIEWGERMAN,0,bidalgo_Social_point,0,0,0,0,0,0,0,0,0,0,0,0,0,0,0,0.00,"Dragon City",0
Paused,Google,966291020,FR-IOS-UNIVERSAL-V2CONTENTVIEWFRENCH,0,bidalgo_Social_point,0,0,0,0,0,0,0,0,0,0,0,0,0,0,0,0.00,"Dragon City",0
Paused,Google,967127679,FR-IOS-UNIVERSAL-V3FRENCH,0,bidalgo_Social_point,0,0,0,0,0,0,0,0,0,0,0,0,0,0,0,0.00,"Dragon City",0
Paused,Google,967127514,FR-IOS-UNIVERSAL-V2FRENCH,0,bidalgo_Social_point,0,0,0,0,0,0,0,0,0,0,0,0,0,0,0,0.00,"Dragon City",0
Paused,Google,918667675,"FR- ANDROID- UNIVERSAL- Search- Content View",0,bidalgo_Social_point,0,0,0,0,0,0,0,0,0,0,0,0,0,0,0,0.00,"Dragon City",0
Paused,Google,918667660,"AU- ANDROID- UNIVERSAL- Search- Content View",0,bidalgo_Social_point,0,0,0,0,0,0,0,0,0,0,0,0,0,0,0,0.00,"Dragon City",0
Paused,Google,967127499,FR-IOS-UNIVERSAL-V1FRENCH,0,bidalgo_Social_point,0,0,0,0,0,0,0,0,0,0,0,0,0,0,0,0.00,"Dragon City",0
Paused,Google,918651481,"CA- ANDROID- UNIVERSAL- Search Level 10",0,bidalgo_Social_point,0,0,0,0,0,0,0,0,0,0,0,0,0,0,0,0.00,"Dragon City",0
Paused,Google,967125789,FR-IOS-UNIVERSAL-V2CONTENTVIEW,0,bidalgo_Social_point,0,0,0,0,0,0,0,0,0,0,0,0,0,0,0,0.00,"Dragon City",0
Paused,Google,918651283,"DE- ANDROID- UNIVERSAL- Search Level 10",0,bidalgo_Social_point,0,0,0,0,0,0,0,0,0,0,0,0,0,0,0,0.00,"Dragon City",0
Paused,Google,966290876,FR-ANDROID-UNIVERSAL-V1FRENCH,0,bidalgo_Social_point,0,0,0,0,0,0,0,0,0,0,0,0,0,0,0,0.00,"Dragon City",0
Paused,Google,967089318,US-IOS-UNIVERSAL-V2CONTENTVIEW,0,bidalgo_Social_point,0,0,0,0,0,0,0,0,0,0,0,0,0,0,0,0.00,"Dragon City",0
Paused,Google,691163492,UK-ANDROID-UNIVERSAL-PURCHASE,0,bidalgo_Social_point,0,0,0,0,0,0,0,0,0,0,0,0,0,0,0,0.00,"Dragon City",0
Paused,Google,836515821,"DE- ANDROID- UNIVERSAL- SEARCH+DISP- English",0,bidalgo_Social_point,0,0,0,0,0,0,0,0,0,0,0,0,0,0,0,0.00,"Dragon City",0
Paused,Google,836484423,"CA- ANDROID- UNIVERSAL- SEARCH- French",0,bidalgo_Social_point,0,0,0,0,0,0,0,0,0,0,0,0,0,0,0,0.00,"Dragon City",0
Paused,Google,967089114,US-ANDROID-UNIVERSAL-V2CONTENTVIEW,0,bidalgo_Social_point,0,0,0,0,0,0,0,0,0,0,0,0,0,0,0,0.00,"Dragon City",0
Paused,Google,836192636,"US- ANDROID- UNIVERSAL- video #2",0,bidalgo_Social_point,0,0,0,0,0,0,0,0,0,0,0,0,0,0,0,0.00,"Dragon City",0
Paused,Google,836192618,"CA- ANDROID- UNIVERSAL- SEARCH+DISP- French",0,bidalgo_Social_point,0,0,0,0,0,0,0,0,0,0,0,0,0,0,0,0.00,"Dragon City",0
Paused,Google,967088865,UK-IOS-UNIVERSAL-V2CONTENTVIEW,0,bidalgo_Social_point,0,0,0,0,0,0,0,0,0,0,0,0,0,0,0,0.00,"Dragon City",0
Paused,Google,836192600,"UK- ANDROID- UNIVERSAL- SEARCH+DISP",0,bidalgo_Social_point,0,0,0,0,0,0,0,0,0,0,0,0,0,0,0,0.00,"Dragon City",0
Paused,Google,836192549,"FR- ANDROID- UNIVERSAL- SEARCH+DISP- English",0,bidalgo_Social_point,0,0,0,0,0,0,0,0,0,0,0,0,0,0,0,0.00,"Dragon City",0
Paused,Google,836192537,"US- ANDROID- UNIVERSAL- SEARCH+DISP",0,bidalgo_Social_point,0,0,0,0,0,0,0,0,0,0,0,0,0,0,0,0.00,"Dragon City",0
Paused,Google,836191148,"US- ANDROID- UNIVERSAL- SEARCH+DISP- Spanish",0,bidalgo_Social_point,0,0,0,0,0,0,0,0,0,0,0,0,0,0,0,0.00,"Dragon City",0
Paused,Google,836191142,"CA- ANDROID- UNIVERSAL- SEARCH+DISP",0,bidalgo_Social_point,0,0,0,0,0,0,0,0,0,0,0,0,0,0,0,0.00,"Dragon City",0
Paused,Google,836191127,"FR- ANDROID- UNIVERSAL- SEARCH+DISP- French",0,bidalgo_Social_point,0,0,0,0,0,0,0,0,0,0,0,0,0,0,0,0.00,"Dragon City",0
Paused,Google,836174537,"US- ANDROID- UNIVERSAL- SEARCH- Spanish",0,bidalgo_Social_point,0,0,0,0,0,0,0,0,0,0,0,0,0,0,0,0.00,"Dragon City",0
Paused,Google,835555801,"AU- ANDROID- UNIVERSAL- SEARCH+DISP",0,bidalgo_Social_point,0,0,0,0,0,0,0,0,0,0,0,0,0,0,0,0.00,"Dragon City",0
Paused,Google,967088847,UK-ANDROID-UNIVERSAL-V2CONTENTVIEW,0,bidalgo_Social_point,0,0,0,0,0,0,0,0,0,0,0,0,0,0,0,0.00,"Dragon City",0
Paused,Google,967028395,DE-IOS-UNIVERSAL-V1,0,bidalgo_Social_point,0,0,0,0,0,0,0,0,0,0,0,0,0,0,0,0.00,"Dragon City",0
Paused,Google,967028389,DE-ANDROID-UNIVERSAL-V2GERMAN,0,bidalgo_Social_point,0,0,0,0,0,0,0,0,0,0,0,0,0,0,0,0.00,"Dragon City",0
Paused,Google,967028377,DE-IOS-UNIVERSAL-V2GERMAN,0,bidalgo_Social_point,0,0,0,0,0,0,0,0,0,0,0,0,0,0,0,0.00,"Dragon City",0
Paused,Google,967028371,DE-IOS-UNIVERSAL-V2,0,bidalgo_Social_point,0,0,0,0,0,0,0,0,0,0,0,0,0,0,0,0.00,"Dragon City",0
Paused,Google,966290852,FR-ANDROID-UNIVERSAL-V3FRENCH,0,bidalgo_Social_point,0,0,0,0,0,0,0,0,0,0,0,0,0,0,0,0.00,"Dragon City",0
Paused,Google,966290843,FR-ANDROID-UNIVERSAL-V2FRENCH,0,bidalgo_Social_point,0,0,0,0,0,0,0,0,0,0,0,0,0,0,0,0.00,"Dragon City",0
Paused,Google,966290837,FR-ANDROID-UNIVERSAL-V2CONTENTVIEWFRENCH,0,bidalgo_Social_point,0,0,0,0,0,0,0,0,0,0,0,0,0,0,0,0.00,"Dragon City",0
Paused,Google,966288878,FR-ANDROID-UNIVERSAL-V3,0,bidalgo_Social_point,0,0,0,0,0,0,0,0,0,0,0,0,0,0,0,0.00,"Dragon City",0
Paused,Google,966288641,FR-IOS-UNIVERSAL-V3,0,bidalgo_Social_point,0,0,0,0,0,0,0,0,0,0,0,0,0,0,0,0.00,"Dragon City",0
Paused,Google,960028953,CA-ANDROID-UNIVERSAL-V3,0,bidalgo_Social_point,0,0,0,0,0,0,0,0,0,0,0,0,0,0,0,0.00,"Dragon City",0
Paused,Google,960028710,AU-ANDROID-UNIVERSAL-V3,0,bidalgo_Social_point,0,0,0,0,0,0,0,0,0,0,0,0,0,0,0,0.00,"Dragon City",0
Paused,Google,967028365,DE-ANDROID-UNIVERSAL-V1,0,bidalgo_Social_point,0,0,0,0,0,0,0,0,0,0,0,0,0,0,0,0.00,"Dragon City",0
Paused,Google,967028350,DE-ANDROID-UNIVERSAL-V3GERMAN,0,bidalgo_Social_point,0,0,0,0,0,0,0,0,0,0,0,0,0,0,0,0.00,"Dragon City",0
Paused,Google,835506889,"DE- ANDROID- UNIVERSAL- SEARCH+DISP- German",0,bidalgo_Social_point,0,0,0,0,0,0,0,0,0,0,0,0,0,0,0,0.00,"Dragon City",0
Paused,Google,833044242,"US- iOS- UNIVERSAL- video",0,bidalgo_Social_point,0,0,0,0,0,0,0,0,0,0,0,0,0,0,0,0.00,"Dragon City",0
Paused,Google,832726475,"CA- iOS- UNIVERSAL- video",0,bidalgo_Social_point,0,0,0,0,0,0,0,0,0,0,0,0,0,0,0,0.00,"Dragon City",0
Paused,Google,967028344,DE-ANDROID-UNIVERSAL-V2CONTENTVIEWGERMAN,0,bidalgo_Social_point,0,0,0,0,0,0,0,0,0,0,0,0,0,0,0,0.00,"Dragon City",0
Paused,Google,967028326,DE-IOS-UNIVERSAL-V3,0,bidalgo_Social_point,0,0,0,0,0,0,0,0,0,0,0,0,0,0,0,0.00,"Dragon City",0
Paused,Google,832182163,"US- ANDROID- UNIVERSAL- video",0,bidalgo_Social_point,0,0,0,0,0,0,0,0,0,0,0,0,0,0,0,0.00,"Dragon City",0
Paused,Google,832178113,"AU- iOS- UNIVERSAL- video",0,bidalgo_Social_point,0,0,0,0,0,0,0,0,0,0,0,0,0,0,0,0.00,"Dragon City",0
Paused,Google,967028311,DE-ANDROID-UNIVERSAL-V2CONTENTVIEW,0,bidalgo_Social_point,0,0,0,0,0,0,0,0,0,0,0,0,0,0,0,0.00,"Dragon City",0
Paused,Google,967028305,DE-ANDROID-UNIVERSAL-V1GERMAN,0,bidalgo_Social_point,0,0,0,0,0,0,0,0,0,0,0,0,0,0,0,0.00,"Dragon City",0
Paused,Google,960027036,UK-IOS-UNIVERSAL-V3,0,bidalgo_Social_point,0,0,0,0,0,0,0,0,0,0,0,0,0,0,0,0.00,"Dragon City",0
Paused,Google,832178080,"UK- iOS- UNIVERSAL- video",0,bidalgo_Social_point,0,0,0,0,0,0,0,0,0,0,0,0,0,0,0,0.00,"Dragon City",0
Paused,Google,818885722,"US- ANDROID- UNIVERSAL- SEARCH #2",0,bidalgo_Social_point,0,0,0,0,0,0,0,0,0,0,0,0,0,0,0,0.00,"Dragon City",0
Paused,Google,812663487,"FR- ANDROID- UNIVERSAL- SEARCH- English",0,bidalgo_Social_point,0,0,0,0,0,0,0,0,0,0,0,0,0,0,0,0.00,"Dragon City",0
Paused,Google,812662503,"DE- ANDROID- UNIVERSAL- SEARCH- English",0,bidalgo_Social_point,0,0,0,0,0,0,0,0,0,0,0,0,0,0,0,0.00,"Dragon City",0
Paused,Google,812352635,"FR- ANDROID- UNIVERSAL- SEARCH- French",0,bidalgo_Social_point,0,0,0,0,0,0,0,0,0,0,0,0,0,0,0,0.00,"Dragon City",0
Paused,Google,812343305,"DE- ANDROID- UNIVERSAL- SEARCH- German",0,bidalgo_Social_point,0,0,0,0,0,0,0,0,0,0,0,0,0,0,0,0.00,"Dragon City",0
Paused,Google,780101682,"AU- ANDROID- UNIVERSAL- SEARCH",0,bidalgo_Social_point,0,0,0,0,0,0,0,0,0,0,0,0,0,0,0,0.00,"Dragon City",0
Paused,Google,960026817,CA-IOS-UNIVERSAL-V3,0,bidalgo_Social_point,0,0,0,0,0,0,0,0,0,0,0,0,0,0,0,0.00,"Dragon City",0
Paused,Google,960025341,CA-IOS-UNIVERSAL-V1,0,bidalgo_Social_point,0,0,0,0,0,0,0,0,0,0,0,0,0,0,0,0.00,"Dragon City",0
Paused,Google,960023016,AU-IOS-UNIVERSAL-V2,0,bidalgo_Social_point,0,0,0,0,0,0,0,0,0,0,0,0,0,0,0,0.00,"Dragon City",0
Paused,Google,960022788,CA-IOS-UNIVERSAL-V2,0,bidalgo_Social_point,0,0,0,0,0,0,0,0,0,0,0,0,0,0,0,0.00,"Dragon City",0
Paused,Google,779884463,UK-ANDROID-UNIVERSAL-SEARCH,0,bidalgo_Social_point,0,0,0,0,0,0,0,0,0,0,0,0,0,0,0,0.00,"Dragon City",0
Paused,Google,959191679,UK-ANDROID-UNIVERSAL-V3,0,bidalgo_Social_point,0,0,0,0,0,0,0,0,0,0,0,0,0,0,0,0.00,"Dragon City",0
Paused,Google,779884268,"CA- ANDROID- UNIVERSAL- SEARCH",0,bidalgo_Social_point,0,0,0,0,0,0,0,0,0,0,0,0,0,0,0,0.00,"Dragon City",0
Active,Google,10201340601,AND-V3-Latam,1,bidalgo_Social_point,685.2000122070312,1340087,19874,0.0148303804156,0.034477207014543,6767,0,5231,0.34049511925128,0.10125609756274,19,36.063158537212,7646,143.72,0.20974897466373,0.00,"Dragon City",0
Paused,Facebook,23844725114850608,"CONACQ_2020-05-05 WW | Android | VO | Auto | 1D | All Placements | 1-10% Clusters Stack |",0,bidalgo_Social_point,0,0,0,0,0,0,0,0,0,0,0,0,0,0,0,0.00,"DC Consumer Acq Android",0
Paused,Facebook,23844943891150608,"CONACQ_2020-06-12 WW | Android | AEO | 18-65A | 1D | All Placements | 10% Cluster Stack |",0,bidalgo_Social_point,0,0,0,0,0,0,0,0,0,0,0,0,0,0,0,0.00,"DC Consumer Acq Android",0
Paused,Facebook,23844930078280608,"CONACQ_2020-06-10 WW-Combo | Android | VO | 35-54A | 1D | All Placements | 1-10% New Cluster Stack |",0,bidalgo_Social_point,0,0,0,0,0,0,0,0,0,0,0,0,0,0,0,0.00,"DC Consumer Acq Android",0
Paused,Facebook,23845123093120001,"CONACQ_2020-06-12 WW | iOS | AEO | Auto | 1D | 18-65A | All Placements | 10% Custom LTV Stack",0,bidalgo_Social_point,0,0,0,0,0,0,0,0,0,0,0,0,0,0,0,0.00,"DC Consumer Acq iOS",0
Paused,Facebook,23845116903750001,"CONACQ_2020-06-11 WW-Mix | iOS | VO | Auto | 1D | All Demos | All Placements | 10% Custom LTV Stack",0,bidalgo_Social_point,0,0,0,0,0,0,0,0,0,0,0,0,0,0,0,0.00,"DC Consumer Acq iOS",0
Active,Facebook,23844831339840001,"CONACQ_2020-05-08 WW | iOS | VO | Auto | 1D | All Demos | All Placements | 1-10% Custom LTV Stack",0,bidalgo_Social_point,238.44000244140625,44464,113,0.0025413817920115,2.1100885171806,33,0,46,0.29203539823009,7.2254546194366,1,238.44000244141,47,132.01999999999998,0.55368226240663,0.00,"DC Consumer Acq iOS",0
Active,Google,10254283169,TIER1_DE_AND_UAC_CPA_REWARDED-VID_001,0,bidalgo_Social_point,94.54000091552734,29430,281,0.009548080190282,0.33644128439689,67,0,82,0.23843416370107,1.411044789784,0,0,297,3.94,0.04167548087418,0.00,"Word Life",0
Active,Google,10251627738,Adquant_WL_Android_US_Ins-Adv_2020-06-05,1,bidalgo_Social_point,496.54998779296875,65112,1067,0.016387148298317,0.46537018537298,221,0,259,0.20712277413308,2.2468325239501,1,496.54998779297,682,34.92,0.07032524591373,0.00,"Word Life",0
Active,Google,10075097260,Adquant_WL_iOS_US_IAP_2020-05-13,1,bidalgo_Social_point,1037.300048828125,24272,291,0.011989123269611,3.5646049787908,70,0,74,0.24054982817869,14.818572126116,7,148.18572126116,276,91.12,0.087843435564224,0.00,"Word Life",0
Paused,Google,10032701434,Adquant_WL_iOS_US_IAP_2020-05-08,0,bidalgo_Social_point,0,0,0,0,0,0,0,0,0,0,0,0,0,0,0,0.00,"Word Life",0
Active,Google,9090185244,RU_AND_UAC_CPA_REWARDED-VID_001,0,bidalgo_Social_point,249.6199951171875,175323,3677,0.020972718924499,0.067886862963608,783,0,786,0.21294533587163,0.31879948290829,0,0,2151,12.36,0.049515264168631,0.00,"Word Life",0
Active,Google,9088246054,ES-LATAM_AND_UAC_CPA_REWARDED-VID_001,0,bidalgo_Social_point,435.55999755859375,453626,8634,0.019033300560374,0.050447069441579,1985,0,1972,0.22990502663887,0.21942569146529,0,0,6277,17.81,0.040889889107881,0.00,"Word Life",0
Paused,Google,8898411284,BR-PO_AND_UAC_CPA_REWARDED-VID_001,0,bidalgo_Social_point,0,0,0,0,0,0,0,0,0,0,0,0,0,0,0,0.00,"Word Life",0
Paused,Google,8420780588,"Adquant_WL_Android_US, CA, GB, AU_Ins-Adv_IAPs_2019-12-05",0,bidalgo_Social_point,0,0,0,0,0,0,0,0,0,0,0,0,0,0,0,0.00,"Word Life",0
Paused,Google,8416023024,"Adquant_WL_iOS_US, CA, GB, AU_In-app conversions_IAPs_2019-12-05",0,bidalgo_Social_point,0,0,0,0,0,0,0,0,0,0,0,0,0,0,0,0.00,"Word Life",0
Paused,Google,8414560510,"Adquant_WL_iOS_US, CA, GB, AU_Ins-Adv_IAPs_2019-12-05",0,bidalgo_Social_point,0,0,0,0,0,0,0,0,0,0,0,0,0,0,0,0.00,"Word Life",0
Paused,Google,8196649583,"Adquant_WL_iOS_US, CA, GB, AU_In-app conversions_2019-11-22",0,bidalgo_Social_point,0,0,0,0,0,0,0,0,0,0,0,0,0,0,0,0.00,"Word Life",0
Active,Facebook,23844894560750608,"CONACQ_2020-06-03 WW-Combo | Android | VO | Auto | 1D | All Placements | 2% Clusters Stack | MinROAS",0,bidalgo_Social_point,268.07000732421875,22888,144,0.0062915064662705,1.8615972730849,43,0,72,0.29861111111111,6.2341862168423,2,134.03500366211,21,7.140000000000001,0.026634833457383,0.00,"DC Consumer Acq Android",0
Paused,Snapchat,fc9df036-3045-49b9-848e-354be25a9996,"US Android Mid Value payers",0,bidalgo_Social_point,0,0,0,0,0,0,0,0,0,0,0,0,0,0,0,0.00,"Dragon City",0
Paused,Snapchat,e5884d7c-eb55-4389-8f15-760597bdc771,"US iOS High Value payers lookalike",0,bidalgo_Social_point,0,0,0,0,0,0,0,0,0,0,0,0,0,0,0,0.00,"Dragon City",0
Active,Google,8188710612,"Adquant_WL_Android_US, CA, GB, AU_In-app conversions_2019-11-22",1,bidalgo_Social_point,1794.280029296875,59555,635,0.010662412895643,2.8256378414124,149,0,170,0.23464566929134,12.04214784763,18,99.682223849826,638,278.39,0.15515415400855,0.00,"Word Life",0
Paused,Google,7032182081,INDIA-EN_IOS_UAC_CPA_SESSION-STARTS,0,bidalgo_Social_point,0,0,0,0,0,0,0,0,0,0,0,0,0,0,0,0.00,"Word Life",0
Paused,Google,6887986310,TIER1-EN_iOS_UAC_INAPP-ACTION-LEVEL-TIER2-2019-10-15,0,bidalgo_Social_point,0,0,0,0,0,0,0,0,0,0,0,0,0,0,0,0.00,"Word Life",0
Paused,Google,6732098825,INDIA-EN_IOS_UAC_CPA_INTERSTITIAL-START-VID_001,0,bidalgo_Social_point,0,0,0,0,0,0,0,0,0,0,0,0,0,0,0,0.00,"Word Life",0
Paused,Snapchat,dc650853-51ae-4542-8c86-907f813eee14,SnapChat_DCI_US_LAL,0,bidalgo_Social_point,0,0,0,0,0,0,0,0,0,0,0,0,0,0,0,0.00,"Dragon City",0
Paused,Facebook,23844938595050608,"CONACQ_2020-06-11 US | Android | VO | 18-65A | 1D | All Placements | 10% Cluster Stack |",0,bidalgo_Social_point,0,0,0,0,0,0,0,0,0,0,0,0,0,0,0,0.00,"DC Consumer Acq Android",0
Active,Snapchat,d508e984-ce7d-4295-9d76-0a79eeba967b,Mirigrowth_DragonCity_Android_US_AEO,0,bidalgo_Social_point,548.989990234375,128243,468,0.0036493219902841,1.1730555346888,21,0,27,0.044871794871795,26.142380487351,1,548.98999023438,24,5.88,0.010710577796673,0.00,"Dragon City",0
Paused,Snapchat,d2d214b5-ad9a-4a92-a828-5faf08f6a5ed,SnapChat_DCA_Test&Learn#3_US_Demographic,0,bidalgo_Social_point,0,0,0,0,0,0,0,0,0,0,0,0,0,0,0,0.00,"Dragon City",0
Paused,Google,6730701763,T1-EN_AND_UAC_CPA_REWARDED-VID_002,0,bidalgo_Social_point,0,0,0,0,0,0,0,0,0,0,0,0,0,0,0,0.00,"Word Life",0
Paused,Snapchat,cc06050e-227e-4f28-b561-229c34e562de,"US iOS Mid Value payers lookalike",0,bidalgo_Social_point,0,0,0,0,0,0,0,0,0,0,0,0,0,0,0,0.00,"Dragon City",0
Paused,Snapchat,a19eeea5-6e3f-4309-91e2-de1a72e6ef97,SnapChat_DCI_Test&Learn#3_US_Demographic,0,bidalgo_Social_point,0,0,0,0,0,0,0,0,0,0,0,0,0,0,0,0.00,"Dragon City",0
Paused,Snapchat,9e6e1a66-c40b-452d-a761-eaa736005149,"US iOS TV & Film fans",0,bidalgo_Social_point,0,0,0,0,0,0,0,0,0,0,0,0,0,0,0,0.00,"Dragon City",0
Active,Google,6637992444,TIER1_DE_AND_UAC_INS-ADV_REWARDED-VID_001,0,bidalgo_Social_point,66.41999816894531,20669,396,0.019159127195317,0.1677272681034,73,0,82,0.18434343434343,0.90986298861569,0,0,232,3.71,0.055856671217655,0.00,"Word Life",0
Paused,Google,6623322133,PH-EN_IOS_UAC_CPA_REWARDED-VID_001,0,bidalgo_Social_point,0,0,0,0,0,0,0,0,0,0,0,0,0,0,0,0.00,"Word Life",0
Paused,Google,6537103905,INDIA-EN_IOS_UAC_CPA_REWARDED-VID_001,0,bidalgo_Social_point,0,0,0,0,0,0,0,0,0,0,0,0,0,0,0,0.00,"Word Life",0
Active,Google,6536907567,WW-FR_AND_UAC_CPA_REWARDED-VID_001,0,bidalgo_Social_point,374.4599914550781,102625,1426,0.013895249695493,0.2625946644145,395,0,365,0.27699859747546,0.94799997836729,1,374.45999145508,1485,20.43,0.054558565577628,0.00,"Word Life",0
Paused,Google,6536573276,TIER1-FR_AND_UAC_CPA_REWARDED-VID_001,0,bidalgo_Social_point,0,0,0,0,0,0,0,0,0,0,0,0,0,0,0,0.00,"Word Life",0
Paused,Google,6518317662,CH_IOS_UAC_INS-ADV_IAP,0,bidalgo_Social_point,0,0,0,0,0,0,0,0,0,0,0,0,0,0,0,0.00,"Word Life",0
Active,Snapchat,8e214bd0-2a68-4a9c-b7b9-24bc3adcc58e,Mirigrowth_DragonCity_iOS_US_MAI,0,bidalgo_Social_point,275,178215,1593,0.0089386415284909,0.17263025737602,36,0,37,0.022598870056497,7.6388888888889,1,275,28,4.609999999999999,0.016763636363636,0.00,"Dragon City",0
Paused,Snapchat,868ef03f-1bed-4532-a578-b8f14ef220ca,"US Android TV & Films ",0,bidalgo_Social_point,0,0,0,0,0,0,0,0,0,0,0,0,0,0,0,0.00,"Dragon City",0
Paused,Google,6513654699,INDIA-EN_AND_UAC_INS-ADV_REWARDED-VID_001,0,bidalgo_Social_point,0,0,0,0,0,0,0,0,0,0,0,0,0,0,0,0.00,"Word Life",0
Paused,Google,6513512323,IR-IQ-PK-IN-PH_IOS_UAC_INS-ADV_REWARDED-VID_001,0,bidalgo_Social_point,0,0,0,0,0,0,0,0,0,0,0,0,0,0,0,0.00,"Word Life",0
Paused,Google,6513392354,US_AND_UAC_INS-ADV_REWARDED-VID_001,0,bidalgo_Social_point,0,0,0,0,0,0,0,0,0,0,0,0,0,0,0,0.00,"Word Life",0
Paused,Google,6513336656,ROW-DE_AND_UAC_INS-ADV_REWARDED-VID_001,0,bidalgo_Social_point,0,0,0,0,0,0,0,0,0,0,0,0,0,0,0,0.00,"Word Life",0
Paused,Google,6503188989,ROW-EN_AND_UAC_INS-ADV_REWARDED-VID_001,0,bidalgo_Social_point,0,0,0,0,0,0,0,0,0,0,0,0,0,0,0,0.00,"Word Life",0
Active,Snapchat,5d1e5a8e-564c-43f2-8ff6-319d35a25672,Mirigrowth_DragonCity_iOS_US_AEO,0,bidalgo_Social_point,701.5499877929688,209703,1506,0.0071815853850446,0.46583664528086,27,0,27,0.01792828685259,25.983332881221,3,233.84999593099,58,35.21000000000001,0.050188868380952,0.00,"Dragon City",0
Paused,Snapchat,5af07272-9666-41a7-bed5-0d5d67de48aa,"US Android Gamers",0,bidalgo_Social_point,0,0,0,0,0,0,0,0,0,0,0,0,0,0,0,0.00,"Dragon City",0
Paused,Google,6503002766,ROW-FR_AND_UAC_INS-ADV_REWARDED-VID_001,0,bidalgo_Social_point,0,0,0,0,0,0,0,0,0,0,0,0,0,0,0,0.00,"Word Life",0
Paused,Google,6493831088,ROW-EN_IOS_UAC_INS-ADV_REWARDED-VID_001,0,bidalgo_Social_point,0,0,0,0,0,0,0,0,0,0,0,0,0,0,0,0.00,"Word Life",0
Paused,Google,6493815728,US_IOS_UAC_INS-ADV_REWARDED-VID_001,0,bidalgo_Social_point,0,0,0,0,0,0,0,0,0,0,0,0,0,0,0,0.00,"Word Life",0
Paused,Google,6466922857,"AT-DE-CH-ANDROID-UAC-INAPP-START-REWARDED-VIDEO - 28AUG2019",0,bidalgo_Social_point,0,0,0,0,0,0,0,0,0,0,0,0,0,0,0,0.00,"Word Life",0
Paused,Google,6465982771,"US-IOS-UAC-INAPP-LEVELTIER1 - 27AUG2019",0,bidalgo_Social_point,0,0,0,0,0,0,0,0,0,0,0,0,0,0,0,0.00,"Word Life",0
Paused,Google,2082664043,AT-DE-CH-ANDROID-UNIVERSAL-INSTALL,0,bidalgo_Social_point,0,0,0,0,0,0,0,0,0,0,0,0,0,0,0,0.00,"Word Life",0
Paused,Google,2082423568,AT-DE-CH-IOS-UNIVERSAL-INSTALL,0,bidalgo_Social_point,0,0,0,0,0,0,0,0,0,0,0,0,0,0,0,0.00,"Word Life",0
Paused,Snapchat,4435fa24-618e-4369-93ae-83426c792de1,SnapChat_DCA_US_LAL-,0,bidalgo_Social_point,0,0,0,0,0,0,0,0,0,0,0,0,0,0,0,0.00,"Dragon City",0
Paused,Google,2076543742,"US-ANDROID-UNIVERSAL-INSTALL ES JULY",0,bidalgo_Social_point,0,0,0,0,0,0,0,0,0,0,0,0,0,0,0,0.00,"Word Life",0
Paused,Google,2074444207,"US-IOS-UNIVERSAL-INSTALL EN JULY",0,bidalgo_Social_point,0,0,0,0,0,0,0,0,0,0,0,0,0,0,0,0.00,"Word Life",0
Paused,Google,2073563711,"US-IOS-UNIVERSAL-INSTALL ES JULY",0,bidalgo_Social_point,0,0,0,0,0,0,0,0,0,0,0,0,0,0,0,0.00,"Word Life",0
Paused,Google,2047814829,"R1-IOS-UNIVERSAL-REWARDED VIDEO",0,bidalgo_Social_point,0,0,0,0,0,0,0,0,0,0,0,0,0,0,0,0.00,"Word Life",0
Paused,Google,2046963103,US-IOS-UNIVERSAL-INSTALL,0,bidalgo_Social_point,0,0,0,0,0,0,0,0,0,0,0,0,0,0,0,0.00,"Word Life",0
Paused,Google,2040294387,"R1-ANDROID-UNIVERSAL-INSTALL JUNE",0,bidalgo_Social_point,0,0,0,0,0,0,0,0,0,0,0,0,0,0,0,0.00,"Word Life",0
Paused,Google,2039934841,"US-IOS-UNIVERSAL-INSTALL - 21AUG2019",0,bidalgo_Social_point,0,0,0,0,0,0,0,0,0,0,0,0,0,0,0,0.00,"Word Life",0
Paused,Google,1879431769,R1-ANDROID-UNIVERSAL-INSTALL,0,bidalgo_Social_point,0,0,0,0,0,0,0,0,0,0,0,0,0,0,0,0.00,"Word Life",0
Paused,Google,1879430842,R1-IOS-UNIVERSAL-INSTALL,0,bidalgo_Social_point,0,0,0,0,0,0,0,0,0,0,0,0,0,0,0,0.00,"Word Life",0
Paused,Google,1849205214,R1-ANDROID-UNIVERSAL-ACTION_LEVELTIER1,0,bidalgo_Social_point,0,0,0,0,0,0,0,0,0,0,0,0,0,0,0,0.00,"Word Life",0
Paused,Snapchat,3b7d050c-78f7-46b9-87ef-d2488cdcef88,Mirigrowth_DragonCity_Android_US_MAI,0,bidalgo_Social_point,0,0,0,0,0,0,0,0,0,0,0,0,0,0,0,0.00,"Dragon City",0
Paused,Snapchat,27c640a1-482d-4fc9-8566-3599c85e46b6,"US iOS Gamers",0,bidalgo_Social_point,0,0,0,0,0,0,0,0,0,0,0,0,0,0,0,0.00,"Dragon City",0
Paused,Snapchat,1d852385-e9a8-4de9-bb81-6920d757768d,"US Android High Value payers",0,bidalgo_Social_point,0,0,0,0,0,0,0,0,0,0,0,0,0,0,0,0.00,"Dragon City",0
Paused,Google,1848268013,R1-IOS-UNIVERSAL-ACTION_LEVELTIER1,0,bidalgo_Social_point,0,0,0,0,0,0,0,0,0,0,0,0,0,0,0,0.00,"Word Life",0
Paused,Google,1616693974,CA-IOS-UNIVERSAL-INSTALSADVANCED-INSTALLS,0,bidalgo_Social_point,0,0,0,0,0,0,0,0,0,0,0,0,0,0,0,0.00,"Word Life",0
Paused,Facebook,23844831320090001,"CONACQ_2020-05-08 WW | iOS | AEO | Auto | 1D | All Demos | All Placements | 1-10% Custom LTV Stack",0,bidalgo_Social_point,0,0,0,0,0,0,0,0,0,0,0,0,0,0,0,0.00,"DC Consumer Acq iOS",0
Paused,Facebook,23844923732840000,"Adquant_FBCOUPON_MCA_AEO_ClickD1_Lookalike (Worldwide, 1% / 1%to3% / 3%to6%) - ML_IAPpast60D_IAP>$10_LTVColumn_2020.06.12//WW_2020.06.14",0,bidalgo_Social_point,0,0,0,0,0,14,0,0,0,0,0,0,0,0,0,0.00,"SP COUPON RTG",0
Paused,Facebook,23844923425080000,"Adquant_FBCOUPON_MCI_AEO_ClickD1_VIDEO_Similitud (Worldwide 1% / 1%to3% / 3%to6%)_Campaigns Audience_2020.06.12 = MCI_AEO_ClickD1_Lookalike (Worldwide, 2% to 5%) - ML_ConvD7_Purchase3+_LTVColumn_D90_WW_25-03-20 // WW_2020.06.14",0,bidalgo_Social_point,0,0,0,0,0,0,0,0,0,0,0,0,0,0,0,0.00,"SP COUPON RTG",0
Paused,Facebook,23844899975470000,"Adquant_FBCOUPON_MCA_VO_VIDEO_Similitud (Worldwide 1% / 1%to3% / 3%to6% MCA_VO_Tier1_2020-01-13 + MCA_VO_ML_WW_2020-02-13)_WW_Campaigns Audience_2020.06.12",0,bidalgo_Social_point,0,0,0,0,0,0,0,0,0,0,0,0,0,0,0,0.00,"SP COUPON RTG",0
Paused,Facebook,23844837874570000,Adquant_FBCOUPON_MCI_MAI_PLAYABLE-TEST_IN_2020-06-05,0,bidalgo_Social_point,0,0,0,0,0,0,0,0,0,0,0,0,0,0,0,0.00,"SP COUPON RTG",0
Paused,Facebook,23844837539910000,Adquant_FBCOUPON_MCA_MAI_PLAYABLE-TEST_IN_2020-06-05,0,bidalgo_Social_point,0,0,0,0,0,0,0,0,0,0,0,0,0,0,0,0.00,"SP COUPON RTG",0
Paused,Facebook,23844753496980000,"Adquant_FBCOUPON_MCA_VO_ClickD1_Lookalike (Worldwide, 2% to 5%) - ML_ConvD7_Purchase3+_LTVColumn_D90 & Lookalike (Worldwide, 2%) - ML_RetD30_Payers_LTVColumn_D90_V2_WW_2020-05-27",0,bidalgo_Social_point,0,0,0,0,0,8,0,0,0,0,0,0,0,0,0,0.00,"SP COUPON RTG",0
Active,Facebook,23844705193710000,"Adquant_FBCOUPON_MCA_VO_Similitud (Worldwide 1% / 1%to3% / 3%to6% MCA_VO_Tier1_2020-01-13 + MCA_VO_ML_WW_2020-02-13)_WW_Campaigns Audience_05.22",0,bidalgo_Social_point,645.8599853515625,46942,405,0.0086276681862724,1.5947160132137,278,0,321,0.68641975308642,2.3232373573797,5,129.17199707031,30,102.01,0.15794444974707,0.00,"SP COUPON RTG",0
Active,Facebook,23844703079970000,"Adquant_FBCOUPON_MCI_AEO_ClickD1_Adquant_FBCOUPON_MCI_AEO_ClickD1_Lookalike (Worldwide, 2% to 5%) - ML_ConvD7_Purchase3+_LTVColumn_D90_WW_25-03-2_WW_25-05-22",0,bidalgo_Social_point,713.530029296875,12826,40,0.0031186652112896,17.838250732422,66,0,78,1.65,10.811061049953,4,178.38250732422,10,26.259999999999998,0.036802935996789,0.00,"SP COUPON RTG",0
Paused,Facebook,23844609541110000,Adquant_FBCOUPON_MCA_MAI_VIDEO-TEST_IN_2020-05-13,0,bidalgo_Social_point,0,0,0,0,0,0,0,0,0,0,0,0,0,0,0,0.00,"SP COUPON RTG",0
Paused,Facebook,23844459044360000,"Adquant_FBCOUPON_MCI_VO_Min_ROAS_Lookalike (Worldwide 2%) - ML_RetD30_Payers_LTVColumn_D90_WW_22-04-20",0,bidalgo_Social_point,0,0,0,0,0,0,0,0,0,0,0,0,0,0,0,0.00,"SP COUPON RTG",0
Paused,Facebook,23844378113880000,"Adquant_FBCOUPON_MCA_VO_Lookalike (Worldwide, 5%) - ML_Payer>$5_LTVColumn_30D_08-04-20_WW_2020-04-09",0,bidalgo_Social_point,0,0,0,0,0,0,0,0,0,0,0,0,0,0,0,0.00,"SP COUPON RTG",0
Active,Facebook,23844303112440000,"Adquant_FBCOUPON_MCI_AEO_ClickD1_Lookalike (Worldwide, 2% to 5%) - ML_ConvD7_Purchase3+_LTVColumn_D90_WW_25-03-20",0,bidalgo_Social_point,658.97998046875,16783,62,0.0036942143836025,10.628709362399,106,0,120,1.7096774193548,6.2167922685731,5,131.79599609375,14,107.94,0.16379860268778,0.00,"SP COUPON RTG",0
Paused,Facebook,23844278856540000,"Adquant_FBCOUPON_MCA_VO_ClickD1_Lookalike (Worldwide, 2% to 5%) - ML_ConvD7_Purchase3+_LTVColumn_D90 & Lookalike (Worldwide, 2%) - ML_RetD30_Payers_LTVColumn_D90_2020-03-18_WW_2020-03-19",0,bidalgo_Social_point,0,0,0,0,0,0,0,0,0,0,0,0,0,0,0,0.00,"SP COUPON RTG",0
Paused,Facebook,23844924618430000,"Adquant_FBCOUPON_MCI_AEO_ClickD1_Lookalike (Worldwide, 1%) - ML_IAPpast60D_IAP>$10_NO LTVColumn_2020.06.12_WW_2020.06.14 (A/B TEST)",0,bidalgo_Social_point,0,0,0,0,0,0,0,0,0,0,0,0,0,0,0,0.00,"SP COUPON RTG",0
Paused,Facebook,23844924103250000,"Adquant_FBCOUPON_MCI_AEO_ClickD1_Lookalike (Worldwide, 1%) - ML_IAPpast60D_IAP>$10_LTVColumn_2020.06.12_WW_2020.06.14 (A/B TEST)",0,bidalgo_Social_point,0,0,0,0,0,0,0,0,0,0,0,0,0,0,0,0.00,"SP COUPON RTG",0
Active,Google,10270492703,R1-iOS-UNIVERSAL-ACTION_PURCHASE_11.06.20,1,bidalgo_Social_point,221.6999969482422,13094,225,0.017183442798228,0.98533331976997,111,0,132,0.49333333333333,1.997297269804,5,44.339999389648,8,32.92,0.14848895107421,0.00,"Monster Legends",0
Paused,Google,10159404924,"US-ANDROID-UNIVERSAL-ACTION_ml_cpa_completed_action_2_(proxy test)_2020.05.28",0,bidalgo_Social_point,0,0,0,0,0,0,0,0,0,0,0,0,0,0,0,0.00,"Monster Legends",0
Active,Google,10156055456,"R1_ANDROID_UNIVERSAL_VALUE_PURCHASE_High-Value Geos_2020.06.02",1,bidalgo_Social_point,1651.4000244140625,162617,2820,0.017341360374377,0.5856028455369,565,0,669,0.20035460992908,2.9228319016178,10,165.14000244141,80,556.95,0.33725929015752,0.00,"Monster Legends",0
Paused,Google,9733070108,R1_ANDROID_UNIVERSAL_ACTION_PURCHASE_CovidGeo,0,bidalgo_Social_point,0,0,0,0,0,0,0,0,0,0,0,0,0,0,0,0.00,"Monster Legends",0
Paused,Google,9683909686,US-ANDROID-UNIVERSAL-INSTALL_Offertest-20.03.2020,0,bidalgo_Social_point,0,0,0,0,0,0,0,0,0,0,0,0,0,0,0,0.00,"Monster Legends",0
Active,Google,9683884285,"US-ANDROID-UNIVERSAL-ADVANCED_Retd1_In-Game Monetization_11.06.2020",0,bidalgo_Social_point,366.2900085449219,87596,2863,0.032684140828348,0.1279392275742,513,0,654,0.17918267551519,0.71401561119868,1,366.29000854492,168,9.55,0.02607223723611,0.00,"Monster Legends",0
Active,Google,9444791427,US-iOS-UNIVERSAL-ACTION_VALUE_PURCHASE,1,bidalgo_Social_point,1317.780029296875,36850,2131,0.057829036635007,0.61838574814494,156,0,166,0.073205068043172,8.4473078801082,5,263.55600585937,13,405.16,0.30745647300193,0.00,"Monster Legends",0
Paused,Google,8861166470,US-ANDROID-UNIVERSAL-ADVANCED_PURCHASE,0,bidalgo_Social_point,0,0,0,0,0,0,0,0,0,0,0,0,0,0,0,0.00,"Monster Legends",0
Active,Google,1749005424,R3-ANDROID-UNIVERSAL-ACTION_PURCHASE,1,bidalgo_Social_point,3112.64990234375,341789,5884,0.017215299497643,0.52900236273687,1120,0,1374,0.19034670292318,2.7791516985212,27,115.28332971644,229,949.81,0.30514514314148,0.00,"Monster Legends",0
Active,Facebook,23844892061180644,Adquant_WL_iOS_MAI_US_2020-06-05,0,bidalgo_Social_point,1061.5,69593,571,0.0082048481887546,1.8590192644483,219,0,245,0.38353765323993,4.8470319634703,1,1061.5,695,59.03,0.055609985869053,0.00,"Word Life IOS",0
Active,Facebook,23844886780870644,Adquant_WL_iOS_US_MAI_Playables_2020-06-04,0,bidalgo_Social_point,938.5,67735,106,0.0015649221229793,8.8537735849057,442,0,518,4.1698113207547,2.1233031674208,0,0,1296,75.29,0.080223761321257,0.00,"Word Life IOS",0
Active,Facebook,23844879628510644,Adquant_WL_iOS_T1/2/3-Localised_MAI_2020-06-03,0,bidalgo_Social_point,353.1099853515625,169972,1590,0.0093544819146683,0.22208175179344,491,0,460,0.30880503144654,0.71916493961622,0,0,1855,17.99,0.050947298989828,0.00,"Word Life IOS",0
Active,Facebook,23844845132970644,Adquant_WL_iOS_T1_MAI_Playables_2020-05-28,0,bidalgo_Social_point,618.6099853515625,87027,101,0.0011605593666333,6.1248513401145,415,0,392,4.1089108910891,1.4906264707267,2,309.30499267578,1459,59.89,0.096813826834631,0.00,"Word Life IOS",0
Active,Facebook,23844672613360644,Adquant_WL_iOS_WW_AEO_ClickD1_2020-05-05,0,bidalgo_Social_point,1359.2099609375,26492,196,0.0073984599124264,6.9347446986607,87,1,91,0.44387755102041,15.623102999282,14,97.08642578125,392,156.92000000000002,0.11544941878719,0.00,"Word Life IOS",0
Active,Facebook,23844565772540644,Adquant_WL_iOS_MAI_US_2020-04-23,0,bidalgo_Social_point,849.260009765625,46760,676,0.014456800684346,1.2563017895941,262,1,287,0.38757396449704,3.2414504189528,0,0,706,47.68,0.056142994432481,0.00,"Word Life IOS",0
Active,Facebook,23845009902570695,Adquant_WL_And_AEO_ClickD1_21-05-20,0,bidalgo_Social_point,605.7999877929688,26097,224,0.0085833620722688,2.7044642312186,105,0,115,0.46875,5.7695236932664,10,60.579998779297,355,75.3,0.12429845083743,0.00,"Word Life Android",0
Active,Facebook,23844469642930644,Adquant_WL_iOS_T1_MAI_2020-04-09,0,bidalgo_Social_point,336.8299865722656,44544,413,0.0092717313218391,0.81556897475125,165,0,192,0.39951573849879,2.0413938580137,0,0,632,19.02,0.056467656557411,0.00,"Word Life IOS",0
Paused,Facebook,23844914555000695,Adquant_WL_And__VO_converted_by_D3_2020-05-07,0,bidalgo_Social_point,0,0,0,0,0,0,0,0,0,0,0,0,0,0,0,0.00,"Word Life Android",0
